achat-vins-champagnes-spiritueux-promotion	Boutique PROMOS	1194	-	#	https://www.vinatis.com/achat-vins-champagnes-spiritueux-promotion	
achat-vin-canon-fronsac	Canon Fronsac	1	-	|accueil|vin	https://www.vinatis.com/achat-vin-canon-fronsac	
achat-vin-allemagne	Vins d'Allemagne	7	-	|accueil|vin|vins du monde	https://www.vinatis.com/achat-vin-allemagne	
achat-vin-languedoc-roussillon-cotes-catalanes	Côtes catalanes	24	-	|accueil|vin|vin languedoc : la meilleure sélection du net au plus bas prix !|achats de vins du roussillon sur notre sélection de vins du languedoc-roussillon	https://www.vinatis.com/achat-vin-languedoc-roussillon-cotes-catalanes	
achat-vin-languedoc-roussillon-vins-du-roussillon	Tous nos vins du Roussillon	90	-	|accueil|vin|vin languedoc : la meilleure sélection du net au plus bas prix !	https://www.vinatis.com/achat-vin-languedoc-roussillon-vins-du-roussillon	
achat-vin-petites-productions-rares-a-la-vente	LES VINS RARES A LA VENTE	82	-	|accueil|vin	https://www.vinatis.com/achat-vin-petites-productions-rares-a-la-vente	
achat-vin-pays-d-oc	Pays d'Oc IGP	33	-	|accueil|vin	https://www.vinatis.com/achat-vin-pays-d-oc	
achat-spiritueux-whiskey-bourbon-rye	Ma selection	5	-	|accueil|spiritueux|tous les whiskys	https://www.vinatis.com/achat-spiritueux-whiskey-bourbon-rye	
achat-vin-pouilly-fume	Pouilly-Fumé	12	-	|accueil|vin|autres régions	https://www.vinatis.com/achat-vin-pouilly-fume	
achat-vin-cotes-de-bourg	Côtes de Bourg	7	-	|accueil|vin	https://www.vinatis.com/achat-vin-cotes-de-bourg	
achat-spiritueux-whisky-single-malt	Ma selection	60	-	|accueil|spiritueux|tous les whiskys	https://www.vinatis.com/achat-spiritueux-whisky-single-malt	
achat-vin-maury	Maury	11	-	|accueil|vin	https://www.vinatis.com/achat-vin-maury	
achat-vin-cotes-du-roussillon-villages	Côtes du Roussillon Villages	23	-	|accueil|vin	https://www.vinatis.com/achat-vin-cotes-du-roussillon-villages	
achat-vin-allobroges-igp	Allobroges IGP	5	-	|accueil|vin	https://www.vinatis.com/achat-vin-allobroges-igp	
achat-vin-mediterranee	Méditerranée 	6	-	|accueil|vin	https://www.vinatis.com/achat-vin-mediterranee	
achat-vin-grande-cave-medoc	Médoc	9	-	|accueil|achat vins en ligne au meilleur prix : rdv dans la grande cave !	https://www.vinatis.com/achat-vin-grande-cave-medoc	
achat-vin-roussette-de-savoie	Roussette de Savoie	5	-	|accueil|vin	https://www.vinatis.com/achat-vin-roussette-de-savoie	
achat-vin-corse	Le meilleur de la Corse	12	-	|accueil|vin|autres régions	https://www.vinatis.com/achat-vin-corse	
achat-vin-clos-de-vougeot	Clos de Vougeot	6	-	|accueil|vin	https://www.vinatis.com/achat-vin-clos-de-vougeot	
achat-vin-patrimonio	Patrimonio	3	-	|accueil|vin	https://www.vinatis.com/achat-vin-patrimonio	
achat-vin-nuits-saint-georges	Nuits-saint-georges	9	-	|accueil|vin	https://www.vinatis.com/achat-vin-nuits-saint-georges	
achat-vin-cotes-de-gascogne	Côtes de Gascogne	30	-	|accueil|vin	https://www.vinatis.com/achat-vin-cotes-de-gascogne	
achat-vin-ile-de-beaute	Île de Beauté 	6	-	|accueil|vin	https://www.vinatis.com/achat-vin-ile-de-beaute	
achat-vin-loire-anjou	Ma selection	13	-	|accueil|vin|autres régions|loire	https://www.vinatis.com/achat-vin-loire-anjou	
achat-vin-bourgogne-meursault-1er-cru	Meursault	11	-	|accueil|vin|vins de bourgogne	https://www.vinatis.com/achat-vin-bourgogne-meursault-1er-cru	
achat-vin-alpilles	Alpilles	3	-	|accueil|vin	https://www.vinatis.com/achat-vin-alpilles	
achat-vin-loire	Achat Vins de Loire	95	-	|accueil|vin|autres régions	https://www.vinatis.com/achat-vin-loire	
achat-vin-comte-tolosan	Comté Tolosan 	1	-	|accueil|vin	https://www.vinatis.com/achat-vin-comte-tolosan	
achat-vin-mercurey	Mercurey	9	-	|accueil|vin	https://www.vinatis.com/achat-vin-mercurey	
achat-vin-bourgogne-cote-de-beaune	Les vins de Bourgogne de la Côte de Beaune	153	-	|accueil|vin|vins de bourgogne	https://www.vinatis.com/achat-vin-bourgogne-cote-de-beaune	
achat-vin-castillon-cote-de-bordeaux	Castillon Côtes de Bordeaux 	6	-	|accueil|vin	https://www.vinatis.com/achat-vin-castillon-cote-de-bordeaux	
achat-vin-charmes-chambertin	Charmes-Chambertin	3	-	|accueil|vin	https://www.vinatis.com/achat-vin-charmes-chambertin	
achat-vin-loire-val-de-loire	Ma selection	6	-	|accueil|vin|autres régions|loire	https://www.vinatis.com/achat-vin-loire-val-de-loire	
achat-vin-saumur-aoc	Saumur	3	-	|accueil|vin	https://www.vinatis.com/achat-vin-saumur-aoc	
achat-vin-menetou-salon	Menetou-Salon	2	-	|accueil|vin	https://www.vinatis.com/achat-vin-menetou-salon	
achat-vin-saumur-champigny	Saumur-Champigny	14	-	|accueil|vin	https://www.vinatis.com/achat-vin-saumur-champigny	
achat-vin-var	Var	11	-	|accueil|vin	https://www.vinatis.com/achat-vin-var	
achat-vin-volnay	Volnay	8	-	|accueil|vin	https://www.vinatis.com/achat-vin-volnay	
achat-vin-pernand-vergelesses	Pernand-Vergelesses	6	-	|accueil|vin	https://www.vinatis.com/achat-vin-pernand-vergelesses	
achat-vin-pacherenc-du-vic-bilh	Pacherenc du Vic Bilh	4	-	|accueil|vin	https://www.vinatis.com/achat-vin-pacherenc-du-vic-bilh	
achat-vin-quincy	Quincy	1	-	|accueil|vin	https://www.vinatis.com/achat-vin-quincy	
achat-vin-loire-pouilly-fume	Les appellations phares de la Loire : Pouilly-Fumé	12	-	|accueil|vin|autres régions|loire	https://www.vinatis.com/achat-vin-loire-pouilly-fume	
achat-vin-pouilly-sur-loire	Pouilly-sur-Loire	1	-	|accueil|vin	https://www.vinatis.com/achat-vin-pouilly-sur-loire	
achat-vin-puligny-montrachet	Puligny Montrachet	7	-	|accueil|vin	https://www.vinatis.com/achat-vin-puligny-montrachet	
achat-vin-savennieres	Savennières	3	-	|accueil|vin	https://www.vinatis.com/achat-vin-savennieres	
achat-vin-chassagne-montrachet	Chassagne-montrachet	14	-	|accueil|vin	https://www.vinatis.com/achat-vin-chassagne-montrachet	
achat-vin-pouilly-vinzelles	Pouilly-Vinzelles	3	-	|accueil|vin	https://www.vinatis.com/achat-vin-pouilly-vinzelles	
achat-vin-fronton	Fronton	3	-	|accueil|vin	https://www.vinatis.com/achat-vin-fronton	
achat-vin-loire-touraine	Touraine	5	-	|accueil|vin	https://www.vinatis.com/achat-vin-loire-touraine	
achat-vin-loire-grands-crus	Grands Vins de Loire	21	-	|accueil|vin|autres régions|loire	https://www.vinatis.com/achat-vin-loire-grands-crus	
achat-vin-loire-effervescent	Vins de Loire effervescents	4	-	|accueil|vin|autres régions|loire	https://www.vinatis.com/achat-vin-loire-effervescent	
achat-vin-loire-moelleux-sucre	Vins de Loire moelleux et sucrés	6	-	|accueil|vin|autres régions|loire	https://www.vinatis.com/achat-vin-loire-moelleux-sucre	
achat-vin-loire-rouge-fruite	LOIRE ROUGES FRUITES	18	-	|accueil|vin|autres régions|loire	https://www.vinatis.com/achat-vin-loire-rouge-fruite	
achat-vin-loire-menetou-salon	Les appellations phares de la Loire : Menetou-Salon	2	-	|accueil|vin|autres régions|loire	https://www.vinatis.com/achat-vin-loire-menetou-salon	
achat-vin-muscadet-sevre-et-maine	Muscadet-sèvre-et-maine	2	-	|accueil|vin|autres régions|loire	https://www.vinatis.com/achat-vin-muscadet-sevre-et-maine	
achat-vin-loire-bio	VINS DE LOIRE 100% BIO	11	-	|accueil|vin|autres régions|loire	https://www.vinatis.com/achat-vin-loire-bio	
achat-vin-loire-muscadet	Les appellations phares de la Loire : Muscadet	2	-	|accueil|vin|autres régions|loire	https://www.vinatis.com/achat-vin-loire-muscadet	
achat-vin-loire-blancs-sec-fruite	Vins de Loire secs et fruités	34	-	|accueil|vin|autres régions|loire	https://www.vinatis.com/achat-vin-loire-blancs-sec-fruite	
achat-vin-jurancon	Jurançon	4	-	|accueil|vin	https://www.vinatis.com/achat-vin-jurancon	
achat-vin-vouvray	Vouvray	5	-	|accueil|vin	https://www.vinatis.com/achat-vin-vouvray	
achat-vin-reuilly	Reuilly 	1	-	|accueil|vin	https://www.vinatis.com/achat-vin-reuilly	
achat-vin-loire-montlouis-sur-loire	Ma selection	1	-	|accueil|vin|autres régions|loire	https://www.vinatis.com/achat-vin-loire-montlouis-sur-loire	
achat-vin-loire-quart-de-chaume	Ma selection	2	-	|accueil|vin|autres régions|loire	https://www.vinatis.com/achat-vin-loire-quart-de-chaume	
achat-vin-chorey-les-beaunes	Chorey-lès-Beaune 	#	-	|accueil|vin	https://www.vinatis.com/achat-vin-chorey-les-beaunes	
achat-vin-loire-st-nicolas-bourgueil	Les appellations phares de la Loire : St Nicolas de Bourgueil	9	-	|accueil|vin|autres régions|loire	https://www.vinatis.com/achat-vin-loire-st-nicolas-bourgueil	
achat-vin-coteaux-du-layon	Coteaux-du-layon	3	-	|accueil|vin	https://www.vinatis.com/achat-vin-coteaux-du-layon	
achat-vin-loire-coteau-du-layon	Les appellations phares de la Loire : Coteau du Layon	3	-	|accueil|vin|autres régions|loire	https://www.vinatis.com/achat-vin-loire-coteau-du-layon	
achat-vin-cremant-de-bourgogne	Crémant de Bourgogne	2	-	|accueil|vin	https://www.vinatis.com/achat-vin-cremant-de-bourgogne	
achat-vin-loire-coups-coeur	100% Coups de coeur Loire	27	-	|accueil|vin|autres régions|loire	https://www.vinatis.com/achat-vin-loire-coups-coeur	
achat-vin-loire-nouveautes	Nouveautés en vins de Loire	69	-	|accueil|vin|autres régions|loire	https://www.vinatis.com/achat-vin-loire-nouveautes	
achat-vin-loire-destockage	Destockage et fins de lots Loire	#	-	|accueil|promotion vins champagnes spiriteux|destockage et fins de lots	https://www.vinatis.com/achat-vin-loire-destockage	
achat-vin-loire-top-20	Le TOP 20 des ventes en Loire à moins de 10 €	20	-	|accueil|vin|autres régions|loire	https://www.vinatis.com/achat-vin-loire-top-20	
achat-vin-arbois	Arbois	6	-	|accueil|vin	https://www.vinatis.com/achat-vin-arbois	
achat-vin-loire-medaille-or	100% Loire Médaillés d'OR à moins de 20 €	8	-	|accueil|vin|autres régions|loire	https://www.vinatis.com/achat-vin-loire-medaille-or	
achat-vin-loire-hachette	Les meilleurs vins de Loire récompensés par le Guide HACHETTE	13	-	|accueil|vin|autres régions|loire	https://www.vinatis.com/achat-vin-loire-hachette	
achat-vin-loire-meilleures-ventes	TOP MEILLEURES VENTES LOIRE	10	-	|accueil|vin|autres régions|loire	https://www.vinatis.com/achat-vin-loire-meilleures-ventes	
achat-vin-loire-plus-fortes-promos	LES PLUS FORTES PROMOS DE LA LOIRE	18	-	|accueil|vin|autres régions|loire	https://www.vinatis.com/achat-vin-loire-plus-fortes-promos	
achat-vin-rivesaltes	Rivesaltes	8	-	|accueil|vin	https://www.vinatis.com/achat-vin-rivesaltes	
achat-vin-corton-charlemagne	Corton-Charlemagne	2	-	|accueil|vin	https://www.vinatis.com/achat-vin-corton-charlemagne	
achat-vin-chevalier-montrachet	Chevalier-Montrachet	2	-	|accueil|vin	https://www.vinatis.com/achat-vin-chevalier-montrachet	
achat-vin-anjou	Anjou	12	-	|accueil|vin	https://www.vinatis.com/achat-vin-anjou	
achat-vin-fleurie	Fleurie	6	-	|accueil|vin|autres régions|beaujolais	https://www.vinatis.com/achat-vin-fleurie	
achat-vin-cabernet-d-anjou	Cabernet d'Anjou	#	-	|accueil|vin	https://www.vinatis.com/achat-vin-cabernet-d-anjou	
achat-spiritueux-eaux-de-vie	Toutes nos eaux-de-vie	3	-	|accueil|spiritueux	https://www.vinatis.com/achat-spiritueux-eaux-de-vie	
achat-vin-corse-figari	Figari	3	-	|accueil|vin	https://www.vinatis.com/achat-vin-corse-figari	
achat-vin-rose-cotes-de-provence	Tous les Côtes de Provences Rosés	48	-	|accueil|vin|vin roses	https://www.vinatis.com/achat-vin-rose-cotes-de-provence	
achat-vin-beaujolais	Achat Vins Beaujolais	55	-	|accueil|vin|autres régions	https://www.vinatis.com/achat-vin-beaujolais	
achat-vin-beaujolais-bio	Vins du Beaujolais : 100% BIO	3	-	|accueil|vin|autres régions|beaujolais	https://www.vinatis.com/achat-vin-beaujolais-bio	
achat-vin-moulin-a-vent	Moulin-à-vent	8	-	|accueil|vin	https://www.vinatis.com/achat-vin-moulin-a-vent	
achat-vin-beaujolais-villages	100% Beaujolais Villages	8	-	|accueil|vin|autres régions|beaujolais	https://www.vinatis.com/achat-vin-beaujolais-villages	
achat-vin-beaujolais-robert-parker	Vins du Beaujolais : 100% meilleures notes Robert Parker	20	-	|accueil|vin|autres régions|beaujolais	https://www.vinatis.com/achat-vin-beaujolais-robert-parker	
achat-vin-coups-de-coeur-sommeliers	Vin du Beaujolais : les coups de coeur de nos sommeliers	4	-	|accueil|vin|autres régions|beaujolais	https://www.vinatis.com/achat-vin-coups-de-coeur-sommeliers	
beaujolais-nouveau	Beaujolais nouveau	2	-	|accueil|vin|autres régions|beaujolais	https://www.vinatis.com/beaujolais-nouveau	
achat-vin-beaujolais-coups-coeur-clients	Vins du Beaujolais : les coups de coeur de nos clients	5	-	|accueil|vin|autres régions|beaujolais	https://www.vinatis.com/achat-vin-beaujolais-coups-coeur-clients	
achat-vin-beaujolais-magnums-jeroboams	Vins du Beaujolais : tous les Magnums et les Jéroboams	8	-	|accueil|vin|autres régions|beaujolais	https://www.vinatis.com/achat-vin-beaujolais-magnums-jeroboams	
achat-vin-beaujolais-domaines-incontournables	Domaine incontournables du Beaujolais	12	-	|accueil|vin|autres régions|beaujolais	https://www.vinatis.com/achat-vin-beaujolais-domaines-incontournables	
achat-vin-beaujolais-nouveautes	Nouveautés : les vins du Beaujolais	54	-	|accueil|vin|autres régions|beaujolais	https://www.vinatis.com/achat-vin-beaujolais-nouveautes	
achat-vin-chenas	Chénas 	2	-	|accueil|vin	https://www.vinatis.com/achat-vin-chenas	
achat-vin-beaujolais-destokage-et-fins-de-lots	Déstockage et Fins de lots de vins du Beaujolais	#	-	|accueil|vin|autres régions|beaujolais	https://www.vinatis.com/achat-vin-beaujolais-destokage-et-fins-de-lots	
achat-vin-beaujolais-moins-dix-euros	Sélection vins du Beaujolais à -10€	12	-	|accueil|vin|autres régions|beaujolais	https://www.vinatis.com/achat-vin-beaujolais-moins-dix-euros	
achat-vin-saint-amour	Saint-Amour 	4	-	|accueil|vin	https://www.vinatis.com/achat-vin-saint-amour	
achat-vin-beaujolais-meilleures-ventes	TOP Meilleures Ventes de vins du Beaujolais	10	-	|accueil|vin|autres régions|beaujolais	https://www.vinatis.com/achat-vin-beaujolais-meilleures-ventes	
achat-vin-beaujolais-les-plus-fortes-promotions	Les plus fortes promotions de vins du Beaujolais	29	-	|accueil|vin|autres régions|beaujolais	https://www.vinatis.com/achat-vin-beaujolais-les-plus-fortes-promotions	
achat-vin-brouilly	Brouilly 	5	-	|accueil|vin|autres régions|beaujolais	https://www.vinatis.com/achat-vin-brouilly	
achat-vin-bourgogne-aloxe-corton	Les vins de l'appellation Aloxe-Corton	3	-	|accueil|vin	https://www.vinatis.com/achat-vin-bourgogne-aloxe-corton	
achat-vin-bourgogne-aligote	Bourgogne aligoté	2	-	|accueil|vin	https://www.vinatis.com/achat-vin-bourgogne-aligote	
achat-vin-grande-cave-crus-bourgeois	CRUS BOURGEOIS	13	-	|accueil|achat vins en ligne au meilleur prix : rdv dans la grande cave !	https://www.vinatis.com/achat-vin-grande-cave-crus-bourgeois	
achat-vin-listrac-medoc	Listrac-Médoc	8	-	|accueil|vin	https://www.vinatis.com/achat-vin-listrac-medoc	
achat-vin-moulis-en-medoc	Mouis-en-Médoc	7	-	|accueil|vin	https://www.vinatis.com/achat-vin-moulis-en-medoc	
achat-spiritueux-whisky-tourbe	Whisky tourbé	25	-	|accueil|spiritueux|tous les whiskys	https://www.vinatis.com/achat-spiritueux-whisky-tourbe	
achat-spiritueux-scotch-whisky-ecossais	Whisky écossais	76	-	|accueil|spiritueux|tous les whiskys	https://www.vinatis.com/achat-spiritueux-scotch-whisky-ecossais	
achat-bieres-artisanales-craft-beers	100% Craft Beers / Brasseries artisanales	53	-	|accueil|achat de bières au meilleur prix du net sur vinatis.com	https://www.vinatis.com/achat-bieres-artisanales-craft-beers	
achat-spiritueux-whisky-blended	Ma selection	33	-	|accueil|spiritueux	https://www.vinatis.com/achat-spiritueux-whisky-blended	
achat-whisky-jura	Whisky de la distillerie de Jura	5	-	|accueil|spiritueux	https://www.vinatis.com/achat-whisky-jura	
achat-spiritueux-whiskey-irlandais	Whiskey irlandais	9	-	|accueil|spiritueux|tous les whiskys	https://www.vinatis.com/achat-spiritueux-whiskey-irlandais	
achat-bieres-artisanales-craft-beer-pack-panaches	Les CRAFT BEERS en packs panachés	2	-	#	https://www.vinatis.com/achat-bieres-artisanales-craft-beer-pack-panaches	
achat-bieres-artisanales-craft-beer-grandes-bouteilles	Les CRAFT BEERS en grandes bouteilles	19	-	#	https://www.vinatis.com/achat-bieres-artisanales-craft-beer-grandes-bouteilles	
achat-bieres-artisanales-craft-beer-petites-bouteilles	Les CRAFT BEERS en petites bouteilles	24	-	#	https://www.vinatis.com/achat-bieres-artisanales-craft-beer-petites-bouteilles	
achat-spiritueux-whisky-prestige	Whiskies de prestige	6	-	|accueil|spiritueux|tous les whiskys	https://www.vinatis.com/achat-spiritueux-whisky-prestige	
achat-vin-bresil	Vins du Brésil	#	-	|accueil|vin|vins du monde	https://www.vinatis.com/achat-vin-bresil	
achat-vin-saint-chinian	Saint-Chinian	8	-	|accueil|vin	https://www.vinatis.com/achat-vin-saint-chinian	
achat-vin-terrasses-du-larzac	Terrasses du Larzac	#	-	|accueil|vin	https://www.vinatis.com/achat-vin-terrasses-du-larzac	
achat-vin-pouilly-fuisse	Pouilly-Fuissé	13	-	|accueil|vin	https://www.vinatis.com/achat-vin-pouilly-fuisse	
achat-vin-loire-sancerre	Les appellations phares de la Loire : Sancerre	8	-	|accueil|vin|autres régions|loire	https://www.vinatis.com/achat-vin-loire-sancerre	
achat-vin-morgon	Morgon	10	-	|accueil|vin|autres régions|beaujolais	https://www.vinatis.com/achat-vin-morgon	
achat-vin-pic-saint-loup	Les vins du Pic Saint-Loup: l'appellation qui n'en finit pas de monter !	14	-	|accueil|vin	https://www.vinatis.com/achat-vin-pic-saint-loup	
achat-vin-languedoc-roussillon-terrasses-du-larzac	Routes des vins du Languedoc-Roussillon : les Terrasses du Larzac	#	-	|accueil|vin|vin languedoc : la meilleure sélection du net au plus bas prix !|achat vins du languedoc sur notre sélection de vins du languedoc roussillon	https://www.vinatis.com/achat-vin-languedoc-roussillon-terrasses-du-larzac	
achat-vin-minervois	Minervois	5	-	|accueil|vin	https://www.vinatis.com/achat-vin-minervois	
achat-vin-languedoc-roussillon-vins-du-languedoc	Tous nos vins du Languedoc	137	-	|accueil|vin|vin languedoc : la meilleure sélection du net au plus bas prix !	https://www.vinatis.com/achat-vin-languedoc-roussillon-vins-du-languedoc	
achat-vin-collioure	Collioure	6	-	|accueil|vin	https://www.vinatis.com/achat-vin-collioure	
achat-vin-banyuls	Banyuls	2	-	|accueil|vin	https://www.vinatis.com/achat-vin-banyuls	
achat-vin-entre-deux-mers	Entre-deux-Mers	1	-	|accueil|vin	https://www.vinatis.com/achat-vin-entre-deux-mers	
achat-vin-vaucluse	Vaucluse 	2	-	|accueil|vin	https://www.vinatis.com/achat-vin-vaucluse	
achat-vin-rully	Rully	3	-	|accueil|vin	https://www.vinatis.com/achat-vin-rully	
achat-vin-vire-clesse	Viré-Clessé 	1	-	|accueil|vin	https://www.vinatis.com/achat-vin-vire-clesse	
achat-vin-macon	Mâcon	7	-	|accueil|vin	https://www.vinatis.com/achat-vin-macon	
achat-vin-palette	Palette	2	-	|accueil|vin	https://www.vinatis.com/achat-vin-palette	
achat-bieres-noel	Bières de Noël	3	-	|accueil|achat de bières au meilleur prix du net sur vinatis.com	https://www.vinatis.com/achat-bieres-noel	
achat-vin-savoie	Vins de Savoie	27	-	|accueil|vin|autres régions	https://www.vinatis.com/achat-vin-savoie	
achat-vin-suisse	Vin Suisse	5	-	|accueil|vin|vins du monde	https://www.vinatis.com/achat-vin-suisse	
achat-vin-rhone-cote-rotie?slide=1330	Les Plus Belles Appellations : sélection Côte-Rotie	24	-	|accueil|vin	https://www.vinatis.com/achat-vin-rhone-cote-rotie?slide=1330	
achat-vin-bourgogne-bourgogne-AOC	Les appellations régionales de Bourgogne	26	-	|accueil|vin|vins de bourgogne	https://www.vinatis.com/achat-vin-bourgogne-bourgogne-AOC	
achat-vin-grande-cave-saint-estephe	APPELLATION SAINT-ESTEPHE	21	-	|accueil|achat vins en ligne au meilleur prix : rdv dans la grande cave !	https://www.vinatis.com/achat-vin-grande-cave-saint-estephe	
achat-vin-pomerol	Pomerol	18	-	|accueil|vin	https://www.vinatis.com/achat-vin-pomerol	
achat-vin-jura	Vins du Jura	21	-	|accueil|vin|autres régions	https://www.vinatis.com/achat-vin-jura	
achat-vin-sauternes	Sauternes	16	-	|accueil|vin	https://www.vinatis.com/achat-vin-sauternes	
achat-vin-marsannay	Marsannay	4	-	|accueil|vin	https://www.vinatis.com/achat-vin-marsannay	
achat-vin-usa	Sélection Vins Californiens	18	-	|accueil|vin|vins du monde	https://www.vinatis.com/achat-vin-usa	
achat-vins-portugal	Vins du Portugal	11	-	|accueil|vin|vins du monde	https://www.vinatis.com/achat-vins-portugal	
achat-vin-chili	Sélection Vins Chiliens	10	-	|accueil|vin|vins du monde	https://www.vinatis.com/achat-vin-chili	
achat-vin-cotes-du-jura	Côtes du Jura	8	-	|accueil|vin	https://www.vinatis.com/achat-vin-cotes-du-jura	
achat-vins-monde-californie-vins-blancs	Sélection vins blancs Californiens	3	-	#	https://www.vinatis.com/achat-vins-monde-californie-vins-blancs	
achat-vins-monde-californie-vins-rouges	Sélection Vins Rouges Californiens	9	-	#	https://www.vinatis.com/achat-vins-monde-californie-vins-rouges	
achat-vin-chili-vins-blancs	Ma selection	2	-	|accueil|vin|vins du monde|chili	https://www.vinatis.com/achat-vin-chili-vins-blancs	
achat-vin-chili-vin-rouges	Ma selection	8	-	|accueil|vin|vins du monde|chili	https://www.vinatis.com/achat-vin-chili-vin-rouges	
achat-vins-portugal-vins-blancs	Ma selection	3	-	|accueil|vin|vins du monde|portugal	https://www.vinatis.com/achat-vins-portugal-vins-blancs	
achat-vins-portugal-vins-rouges	Ma selection	8	-	|accueil|vin|vins du monde|portugal	https://www.vinatis.com/achat-vins-portugal-vins-rouges	
achat-vin-barsac	Barsac	3	-	|accueil|vin	https://www.vinatis.com/achat-vin-barsac	
achat-spiritueux-mezcal	Le mezcal	1	-	|accueil|spiritueux	https://www.vinatis.com/achat-spiritueux-mezcal	
achat-spiritueux-gin	Tous nos gins	11	-	|accueil|spiritueux	https://www.vinatis.com/achat-spiritueux-gin	
achat-spiritueux-liqueur	Toutes nos liqueurs	12	-	|accueil|spiritueux	https://www.vinatis.com/achat-spiritueux-liqueur	
achat-spiritueux-calvados	Tous nos calvados	2	-	|accueil|spiritueux	https://www.vinatis.com/achat-spiritueux-calvados	
achat-vin-australie	Sélection Vins Australiens	12	-	|accueil|vin|vins du monde	https://www.vinatis.com/achat-vin-australie	
achat-vin-afrique-du-sud	Sélection Vins d' Afrique du Sud	8	-	|accueil|vin|vins du monde	https://www.vinatis.com/achat-vin-afrique-du-sud	
achat-vin-alsace	Achat Vins Alsace	#	-	|accueil|vin|autres régions	https://www.vinatis.com/achat-vin-alsace	
achat-vin-sud-ouest	Avec Vinatis, l’achat de vin du Sud-Ouest sur Internet n’a jamais été aussi simple !	107	-	|accueil|vin|autres régions	https://www.vinatis.com/achat-vin-sud-ouest	
achat-vins-champagnes-recompense-parker	Sélection Robert Parker en promotion	288	-	|accueil|promotion vins champagnes spiriteux	https://www.vinatis.com/achat-vins-champagnes-recompense-parker	
achat-vin-provence	Achat Vins de Provence	96	-	|accueil|vin|autres régions	https://www.vinatis.com/achat-vin-provence	
achat-vin-australie-vins-blancs	Ma selection	1	-	|accueil|vin|vins du monde|australie	https://www.vinatis.com/achat-vin-australie-vins-blancs	
achat-vin-afrique-du-sud-vins-blancs	Ma selection	4	-	|accueil|vin|vins du monde|afrique du sud	https://www.vinatis.com/achat-vin-afrique-du-sud-vins-blancs	
achat-afrique-du-sud-vins-rouges	Ma selection	4	-	|accueil|vin|vins du monde|afrique du sud	https://www.vinatis.com/achat-afrique-du-sud-vins-rouges	
achat-vin-australie-vins-rouges	#	11	-	|accueil|vin|vins du monde|australie	https://www.vinatis.com/achat-vin-australie-vins-rouges	
vin-languedoc	Achetez les vins du Languedoc Roussillon aux meilleurs prix sur vinatis.com !	220	-	|accueil|vin	https://www.vinatis.com/vin-languedoc	
achat-vin-alsace-pret-a-boire	Vin d'Alsace : les vieux millésimes	9	-	|accueil|vin|autres régions|alsace	https://www.vinatis.com/achat-vin-alsace-pret-a-boire	
achat-vin-alsace-pour-recevoir	Vin d'Alsace : Pour recevoir !	23	-	|accueil|vin|autres régions|alsace	https://www.vinatis.com/achat-vin-alsace-pour-recevoir	
achat-vin-alsace-aperitif	Vin d'Alsace : 100% Apéritif	5	-	|accueil|vin|autres régions|alsace	https://www.vinatis.com/achat-vin-alsace-aperitif	
achat-vins-provence-blancs	Tout les Blancs de Provence	10	-	|accueil|vin|autres régions|provence	https://www.vinatis.com/achat-vins-provence-blancs	
achat-vins-provence-rouges	Tous les Rouges de Provence	16	-	|accueil|vin|autres régions|provence	https://www.vinatis.com/achat-vins-provence-rouges	
achat-vin-provence-bio	Les Vins Bio de Provence	20	-	|accueil|vin|autres régions|provence	https://www.vinatis.com/achat-vin-provence-bio	
achat-vin-provence-grands-formats	Grands Formats	23	-	|accueil|vin|autres régions|provence	https://www.vinatis.com/achat-vin-provence-grands-formats	
achat-vin-coteaux-aix	Les Plus Belles Appellations : Sélection Coteaux d'Aix	3	-	|accueil|vin|autres régions|provence	https://www.vinatis.com/achat-vin-coteaux-aix	
achat-vin-provence-grands-vins	Les Grands Vins de Provence	28	-	|accueil|vin|autres régions|provence	https://www.vinatis.com/achat-vin-provence-grands-vins	
achat-vin-cotes-de-provence-crus-classes	Les Plus Belles Appellations : Sélection Côtes de Provence Crus Classés	12	-	|accueil|vin|autres régions|provence	https://www.vinatis.com/achat-vin-cotes-de-provence-crus-classes	
achat-vin-bandol	Les Plus Belles Appellations : Sélection Bandol	11	-	|accueil|vin	https://www.vinatis.com/achat-vin-bandol	
achat-vin-cote-de-provence	Les Plus Belles Appellations : Sélection Côtes de Provence	62	-	|accueil|vin	https://www.vinatis.com/achat-vin-cote-de-provence	
achat-vin-languedoc-roussillon-pret-a-boire	VINS LANGUEDOC-ROUSSILLON : LES MILLESIMES PRETS A BOIRE	19	-	#	https://www.vinatis.com/achat-vin-languedoc-roussillon-pret-a-boire	
achat-vin-languedoc-roussillon-meilleures-notes	VIN LANGUEDOC-ROUSSILLON : LES MEILLEURES NOTES PAR GUIDES	55	-	#	https://www.vinatis.com/achat-vin-languedoc-roussillon-meilleures-notes	
achat-vin-languedoc-roussillon-bettane-desseauve	Ma selection	10	-	#	https://www.vinatis.com/achat-vin-languedoc-roussillon-bettane-desseauve	
achat-vin-languedoc-roussillon-revue-vins-france	Ma selection	33	-	#	https://www.vinatis.com/achat-vin-languedoc-roussillon-revue-vins-france	
achat-vin-alsace-grands-crus	Tous les grands vins d'Alsace	5	-	|accueil|vin	https://www.vinatis.com/achat-vin-alsace-grands-crus	
achat-vin-languedoc-roussillon-hachette	Ma selection	18	-	#	https://www.vinatis.com/achat-vin-languedoc-roussillon-hachette	
achat-vin-rose-coteaux-d-aix-en-provence	Les Plus Belles Appellations : Coteaux d'Aix en Provence	2	-	|accueil|vin|vin roses	https://www.vinatis.com/achat-vin-rose-coteaux-d-aix-en-provence	
achat-vin-languedoc-limoux	Limoux	4	-	|accueil|vin	https://www.vinatis.com/achat-vin-languedoc-limoux	
achat-vin-languedoc-roussillon-sucre	VIN DU LANGUEDOC-ROUSSILLON SUCRE	16	-	#	https://www.vinatis.com/achat-vin-languedoc-roussillon-sucre	
achat-vin-languedoc-roussillon-blanc-sec	VINS DU LANGUEDOC-ROUSSILLON BLANCS SECS ET FRUITES	42	-	#	https://www.vinatis.com/achat-vin-languedoc-roussillon-blanc-sec	
achat-vin-languedoc-roussillon-rouge-puissants	VINS DU LANGUEDOC-ROUSSILLON PUISSANTS	67	-	#	https://www.vinatis.com/achat-vin-languedoc-roussillon-rouge-puissants	
achat-vin-languedoc-roussillon-picpoul-de-pinet	Picpoul de Pinet	2	-	|accueil|vin|vin languedoc : la meilleure sélection du net au plus bas prix !|achat vins du languedoc sur notre sélection de vins du languedoc roussillon	https://www.vinatis.com/achat-vin-languedoc-roussillon-picpoul-de-pinet	
achat-vin-languedoc-roussillon-bio	VINS BIO DU LANGUEDOC-ROUSSILLON	13	-	#	https://www.vinatis.com/achat-vin-languedoc-roussillon-bio	
achat-vin-languedoc-roussillon-rouge-fruite	VINS DU LANGUEDOC-ROUSSILLON FRUITES	63	-	#	https://www.vinatis.com/achat-vin-languedoc-roussillon-rouge-fruite	
achat-vin-languedoc-roussillon-coups-de-coeur-sommeliers	Languedoc-Roussillon : nos Coup de Coeur Sommeliers	35	-	|accueil|vin|vin languedoc : la meilleure sélection du net au plus bas prix !	https://www.vinatis.com/achat-vin-languedoc-roussillon-coups-de-coeur-sommeliers	
achat-vin-languedoc-roussillon-magnum-jeroboam-cubis	Magnums, Jéroboams et Cubis : nos gros formats du Languedoc-Roussillon	35	-	|accueil|vin|vin languedoc : la meilleure sélection du net au plus bas prix !	https://www.vinatis.com/achat-vin-languedoc-roussillon-magnum-jeroboam-cubis	
achat-vin-languedoc-roussillon-coups-de-coeur-clients	Languedoc-Roussillon : nos Coups de Coeur clients	37	-	|accueil|vin|vin languedoc : la meilleure sélection du net au plus bas prix !	https://www.vinatis.com/achat-vin-languedoc-roussillon-coups-de-coeur-clients	
achat-vin-languedoc-roussillon-valeurs-sures	Languedoc-Roussillon : les valeurs sûres	67	-	|accueil|vin|vin languedoc : la meilleure sélection du net au plus bas prix !	https://www.vinatis.com/achat-vin-languedoc-roussillon-valeurs-sures	
achat-vin-languedoc-roussillon-selection-robert-parker	Sélection Languedoc-Roussillon par Robert Parker	93	-	|accueil|vin|vin languedoc : la meilleure sélection du net au plus bas prix !	https://www.vinatis.com/achat-vin-languedoc-roussillon-selection-robert-parker	
achat-vin-languedoc-roussillon-nouveautes	Nouveautés du Languedoc-Roussillon	253	-	|accueil|vin|vin languedoc : la meilleure sélection du net au plus bas prix !	https://www.vinatis.com/achat-vin-languedoc-roussillon-nouveautes	
achat-vin-languedoc-roussillon-selection-noel-vins-magnums-jeroboams?slide=1343	Languedoc-Roussillon - Sélection de Noël - Magnums et Jéroboams	17	-	|accueil|coffrets vin champagne : laissez-vous emballer par nos idées cadeaux !|toute la selection special fetes|languedoc selection de noel	https://www.vinatis.com/achat-vin-languedoc-roussillon-selection-noel-vins-magnums-jeroboams?slide=1343	
achat-vin-languedoc-roussillon-moins-dix-euros	Le Languedoc-Roussillon à -10€	92	-	|accueil|vin|vin languedoc : la meilleure sélection du net au plus bas prix !	https://www.vinatis.com/achat-vin-languedoc-roussillon-moins-dix-euros	
achat-vin-languedoc-roussillon-les-plus-fortes-promotions	Les plus fortes promotions du Languedoc-Roussillon	145	-	#	https://www.vinatis.com/achat-vin-languedoc-roussillon-les-plus-fortes-promotions	
achat-vin-languedoc-roussillon-meilleures-ventes	Top Meilleures Ventes Languedoc-Roussillon	20	-	|accueil|vin|vin languedoc : la meilleure sélection du net au plus bas prix !	https://www.vinatis.com/achat-vin-languedoc-roussillon-meilleures-ventes	
achat-vin-languedoc-roussillon-selection-robert-paker-plus-20-euros	Ma selection	43	-	#	https://www.vinatis.com/achat-vin-languedoc-roussillon-selection-robert-paker-plus-20-euros	
achat-vin-languedoc-roussillon-selection-robert-parker-10-a-20-euros	Ma selection	32	-	#	https://www.vinatis.com/achat-vin-languedoc-roussillon-selection-robert-parker-10-a-20-euros	
achat-vin-languedoc-roussillon-selection-robert-parker-moins-10-euros	Ma selection	18	-	#	https://www.vinatis.com/achat-vin-languedoc-roussillon-selection-robert-parker-moins-10-euros	
achat-vins-vieux-millesimes-prets-a-boire-languedoc-roussillon?slide=1342	Languedoc Roussillon : les vins prêts à boire !	16	-	#	https://www.vinatis.com/achat-vins-vieux-millesimes-prets-a-boire-languedoc-roussillon?slide=1342	
achat-vin-provence-cubis	Les Cubis	5	-	|accueil|vin|autres régions|provence	https://www.vinatis.com/achat-vin-provence-cubis	
achat-vin-provence-plus-fortes-promos	Les Plus Fortes Promos	5	-	|accueil|vin|autres régions|provence	https://www.vinatis.com/achat-vin-provence-plus-fortes-promos	
achat-vin-provence-coup-coeur-sommeliers	Coups de Coeur Sommeliers	4	-	|accueil|vin|autres régions|provence	https://www.vinatis.com/achat-vin-provence-coup-coeur-sommeliers	
achat-vin-provence-medailles	Les Médaillés	12	-	|accueil|vin|autres régions|provence	https://www.vinatis.com/achat-vin-provence-medailles	
achat-vin-marcillac	Marcillac	1	-	|accueil|vin	https://www.vinatis.com/achat-vin-marcillac	
achat-vin-provence-selection-10	Sélection à moins de 10€	15	-	|accueil|vin|autres régions|provence	https://www.vinatis.com/achat-vin-provence-selection-10	
achat-vin-sud-ouest-bergerac	100% BERGERAC	4	-	|accueil|vin|autres régions|sud-ouest	https://www.vinatis.com/achat-vin-sud-ouest-bergerac	
achat-vin-provence-meilleures-ventes	Top Meilleures Ventes	20	-	|accueil|vin|autres régions|provence	https://www.vinatis.com/achat-vin-provence-meilleures-ventes	
achat-vin-sud-ouest-bio	SUD OUEST 100% BIO	6	-	|accueil|vin|autres régions|sud-ouest	https://www.vinatis.com/achat-vin-sud-ouest-bio	
madiran	Madiran	7	-	|accueil|vin	https://www.vinatis.com/madiran	
achat-vin-sud-ouest-magnum-cubi	Magnums et Cubis 100% Sud Ouest	4	-	|accueil|vin|autres régions|sud-ouest	https://www.vinatis.com/achat-vin-sud-ouest-magnum-cubi	
achat-vin-sud-ouest-moelleux	BLANCS MOELLEUX DU SUD OUEST	10	-	|accueil|vin|autres régions|sud-ouest	https://www.vinatis.com/achat-vin-sud-ouest-moelleux	
achat-vin-sud-ouest-or	Les médaillés d’Or du Sud-Ouest	7	-	|accueil|vin|autres régions|sud-ouest	https://www.vinatis.com/achat-vin-sud-ouest-or	
achat-vin-sud-ouest-coups-coeur	Coups de cœur du Sud Ouest	16	-	|accueil|vin|autres régions|sud-ouest	https://www.vinatis.com/achat-vin-sud-ouest-coups-coeur	
achat-vin-sud-ouest-hachette	Sélection Guide Hachette  100% Sud Ouest	9	-	|accueil|vin|autres régions|sud-ouest	https://www.vinatis.com/achat-vin-sud-ouest-hachette	
achat-vin-sud-ouest-destockage	SUD OUEST DESTOCKAGE  ET FIN DE LOTS	#	-	|accueil|vin|autres régions|sud-ouest	https://www.vinatis.com/achat-vin-sud-ouest-destockage	
achat-vin-sud-ouest-nouveautes	Sud Ouest Nouveautés	55	-	|accueil|vin|autres régions|sud-ouest	https://www.vinatis.com/achat-vin-sud-ouest-nouveautes	
achat-vin-sud-ouest-moins-10	SELECTION -10€ 100% SUD OUEST	34	-	|accueil|vin|autres régions|sud-ouest	https://www.vinatis.com/achat-vin-sud-ouest-moins-10	
achat-vin-bergerac	Bergerac	4	-	|accueil|vin	https://www.vinatis.com/achat-vin-bergerac	
achat-vin-sud-ouest-promo	LES PLUS FORTES PROMOS DU SUD OUEST	18	-	|accueil|vin|autres régions|sud-ouest	https://www.vinatis.com/achat-vin-sud-ouest-promo	
achat-vin-sud-ouest-meilleures-ventes	TOP 20 MEILLEURES VENTES DU SUD OUEST	20	-	|accueil|vin|autres régions|sud-ouest	https://www.vinatis.com/achat-vin-sud-ouest-meilleures-ventes	
achat-vin-sud-ouest-promo?slide=1121	LES PLUS FORTES PROMOS DU SUD OUEST	18	-	|accueil|vin|autres régions|sud-ouest	https://www.vinatis.com/achat-vin-sud-ouest-promo?slide=1121	
achat-vin-alsace-vendanges-tardives	Vin d'Alsace : Focus sur les Vendanges Tardives !	4	-	|accueil|vin|autres régions|alsace	https://www.vinatis.com/achat-vin-alsace-vendanges-tardives	
achat-vin-alsace-vins-bio	Vin d'Alsace : 100% BIO	3	-	|accueil|vin|autres régions|alsace	https://www.vinatis.com/achat-vin-alsace-vins-bio	
achat-vin-alsace-gewurztraminer	Vin d'Alsace : 100% Gewurztraminer	9	-	|accueil|vin|autres régions|alsace	https://www.vinatis.com/achat-vin-alsace-gewurztraminer	
achat-vin-alsace-riesling	Vin d'Alsace : 100% Riesling	10	-	|accueil|vin|autres régions|alsace	https://www.vinatis.com/achat-vin-alsace-riesling	
achat-vin-alsace-recompenses	Vin d'Alsace : Les Plus Fortes Récompenses !	20	-	|accueil|vin|autres régions|alsace	https://www.vinatis.com/achat-vin-alsace-recompenses	
achat-vin-alsace-meilleures-ventes	Vin d'Alsace : Top 10 Meilleures Ventes !	10	-	|accueil|vin|autres régions|alsace	https://www.vinatis.com/achat-vin-alsace-meilleures-ventes	
achat-vin-alsace-plus-fortes-promotions	Vin d'Alsace : Les Plus Fortes Promotions !	10	-	|accueil|vin|autres régions|alsace	https://www.vinatis.com/achat-vin-alsace-plus-fortes-promotions	
achat-bieres-fortes	Bières fortes	30	-	|accueil|achat de bières au meilleur prix du net sur vinatis.com	https://www.vinatis.com/achat-bieres-fortes	
blog-achat-le-meilleur-whisky-du-monde	Le Mag(num)Quel est le meilleur whisky du monde ?	6	-	|accueil|blog	https://www.vinatis.com/blog-achat-le-meilleur-whisky-du-monde	
achat-bieres-torrefiees	Bières torréfiées	28	-	|accueil|achat de bières au meilleur prix du net sur vinatis.com	https://www.vinatis.com/achat-bieres-torrefiees	
achat-bieres-houblonnees	Bières houblonnées	28	-	|accueil|achat de bières au meilleur prix du net sur vinatis.com	https://www.vinatis.com/achat-bieres-houblonnees	
achat-bieres-aromatisees	Bières aromatisées	6	-	|accueil|achat de bières au meilleur prix du net sur vinatis.com	https://www.vinatis.com/achat-bieres-aromatisees	
achat-bieres-vertes	Bières vertes	2	-	|accueil|achat de bières au meilleur prix du net sur vinatis.com	https://www.vinatis.com/achat-bieres-vertes	
achat-bieres-fruitees	Bières fruitées	71	-	|accueil|achat de bières au meilleur prix du net sur vinatis.com	https://www.vinatis.com/achat-bieres-fruitees	
achat-bieres-legeres	Bières légères	35	-	|accueil|achat de bières au meilleur prix du net sur vinatis.com	https://www.vinatis.com/achat-bieres-legeres	
achat-bieres-rubis	Bières rubis	8	-	|accueil|achat de bières au meilleur prix du net sur vinatis.com	https://www.vinatis.com/achat-bieres-rubis	
achat-bieres-brunes-noires	100% Bières Brunes et Noires	19	-	|accueil|achat de bières au meilleur prix du net sur vinatis.com	https://www.vinatis.com/achat-bieres-brunes-noires	
achat-bieres-asie	Un tour en ASIE	1	-	|accueil|achat de bières au meilleur prix du net sur vinatis.com	https://www.vinatis.com/achat-bieres-asie	
achat-vin-coups-de-coeur-clients	Coups de Coeur de nos Clients	160	-	|accueil|vin	https://www.vinatis.com/achat-vin-coups-de-coeur-clients	
achat-bieres-amerique	100% AMERIQUE	3	-	|accueil|achat de bières au meilleur prix du net sur vinatis.com	https://www.vinatis.com/achat-bieres-amerique	
achat-bieres-ambrees	100% Bières Ambrées	26	-	|accueil|achat de bières au meilleur prix du net sur vinatis.com	https://www.vinatis.com/achat-bieres-ambrees	
achat-bieres-blondes	100% Bières Blondes	51	-	|accueil|achat de bières au meilleur prix du net sur vinatis.com	https://www.vinatis.com/achat-bieres-blondes	
achat-bieres-blanches	Bières blanches	15	-	|accueil|achat de bières au meilleur prix du net sur vinatis.com	https://www.vinatis.com/achat-bieres-blanches	
achat-bieres-europe-sud	Bières Europe du Sud	6	-	|accueil|achat de bières au meilleur prix du net sur vinatis.com|100% europe	https://www.vinatis.com/achat-bieres-europe-sud	
achat-bieres-europe-est	Bières Europe de l'Est	9	-	|accueil|achat de bières au meilleur prix du net sur vinatis.com|100% europe	https://www.vinatis.com/achat-bieres-europe-est	
achat-bieres-europe-nord	Bières Europe du Nord	6	-	|accueil|achat de bières au meilleur prix du net sur vinatis.com|100% europe	https://www.vinatis.com/achat-bieres-europe-nord	
achat-bieres-royaume-uni	Bières Royaume-Uni	8	-	|accueil|achat de bières au meilleur prix du net sur vinatis.com|100% europe	https://www.vinatis.com/achat-bieres-royaume-uni	
achat-bieres-noires	100% Bières noires	7	-	|accueil|achat de bières au meilleur prix du net sur vinatis.com|100% bières brunes et noires	https://www.vinatis.com/achat-bieres-noires	
achat-bieres-brunes	100% Bières brunes	12	-	|accueil|achat de bières au meilleur prix du net sur vinatis.com|100% bières brunes et noires	https://www.vinatis.com/achat-bieres-brunes	
achat-bieres-europe	Les Bières d'Europe	29	-	|accueil|achat de bières au meilleur prix du net sur vinatis.com	https://www.vinatis.com/achat-bieres-europe	
achat-vin-coups-de-coeur-client-bieres	Bières élues COUPS DE COEUR de nos clients !	9	-	|accueil|vin|achat vins coups de coeur clients	https://www.vinatis.com/achat-vin-coups-de-coeur-client-bieres	
achat-vin-coups-de-coeur-client-vins-du-monde	Vins du monde élus COUPS DE COEUR de nos clients !	30	-	|accueil|vin|achat vins coups de coeur clients	https://www.vinatis.com/achat-vin-coups-de-coeur-client-vins-du-monde	
achat-vin-coups-de-coeur-client-autres-regions	Vins autres régions élus COUPS DE COEUR de nos clients !	27	-	|accueil|vin|achat vins coups de coeur clients	https://www.vinatis.com/achat-vin-coups-de-coeur-client-autres-regions	
achat-vin-bourgogne-coup-de-coeur-client	Les coups de coeur client en Bourgogne	16	-	|accueil|vin	https://www.vinatis.com/achat-vin-bourgogne-coup-de-coeur-client	
achat-vin-rhone-coups-de-coeur-clients	Rhône Coups de Coeur de nos Clients	23	-	|accueil|vin	https://www.vinatis.com/achat-vin-rhone-coups-de-coeur-clients	
achat-vin-coups-de-coeur-client-bordeaux	Vins de Bordeaux élus COUPS DE COEUR de nos clients !	27	-	|accueil|vin|achat vins coups de coeur clients	https://www.vinatis.com/achat-vin-coups-de-coeur-client-bordeaux	
achat-vin-coups-de-coeur-client-20-euros	Vins à +20€ élus COUPS DE COEUR de nos clients !	98	-	|accueil|vin|achat vins coups de coeur clients	https://www.vinatis.com/achat-vin-coups-de-coeur-client-20-euros	
achat-vin-coups-de-coeur-client-rose	Vins rosés élus COUPS DE COEUR de nos clients !	34	-	|accueil|vin|achat vins coups de coeur clients	https://www.vinatis.com/achat-vin-coups-de-coeur-client-rose	
achat-bieres-allemandes	Bières allemandes	9	-	|accueil|achat de bières au meilleur prix du net sur vinatis.com|achat de bières du monde	https://www.vinatis.com/achat-bieres-allemandes	
achat-bieres-belges	100% Bières Belges	61	-	|accueil|achat de bières au meilleur prix du net sur vinatis.com	https://www.vinatis.com/achat-bieres-belges	
achat-vin-coups-de-coeur-client-blanc	Vins blancs élus COUPS DE COEUR de nos clients !	100	-	|accueil|vin|achat vins coups de coeur clients	https://www.vinatis.com/achat-vin-coups-de-coeur-client-blanc	
achat-bieres-france	100% Bières Françaises	41	-	|accueil|achat de bières au meilleur prix du net sur vinatis.com	https://www.vinatis.com/achat-bieres-france	
achat-bieres-coffrets-accessoires	Bières : les coffrets avec accessoires	8	-	|accueil|achat de bières au meilleur prix du net sur vinatis.com	https://www.vinatis.com/achat-bieres-coffrets-accessoires	
achat-bieres-bio	Bières 100% BIO	8	-	|accueil|achat de bières au meilleur prix du net sur vinatis.com	https://www.vinatis.com/achat-bieres-bio	
achat-bieres-magnums	Bières : tous les Magnums	4	-	|accueil|achat de bières au meilleur prix du net sur vinatis.com	https://www.vinatis.com/achat-bieres-magnums	
achat-vin-coups-de-coeur-clients-rouge	Vins rouges élus COUPS DE COEUR de nos clients !	90	-	|accueil|vin|achat vins coups de coeur clients	https://www.vinatis.com/achat-vin-coups-de-coeur-clients-rouge	
achat-bieres-du-monde	Bières du monde	138	-	|accueil|achat de bières au meilleur prix du net sur vinatis.com	https://www.vinatis.com/achat-bieres-du-monde	
achat-vin-muscat-de-beaumes-de-venise	Muscat-de-beaumes-de-venise	1	-	|accueil|vin	https://www.vinatis.com/achat-vin-muscat-de-beaumes-de-venise	
achat-bieres-etats-unis	Bières des Etats-Unis	2	-	|accueil|achat de bières au meilleur prix du net sur vinatis.com|achat de bières du monde	https://www.vinatis.com/achat-bieres-etats-unis	
achat-bieres-autrichiennes	Bières autrichiennes	#	-	|accueil|achat de bières au meilleur prix du net sur vinatis.com|achat de bières du monde	https://www.vinatis.com/achat-bieres-autrichiennes	
achat-bieres-coffrets-bieres-du-monde	Coffrets de bières du monde	18	-	|accueil|achat de bières au meilleur prix du net sur vinatis.com|achat de bières du monde	https://www.vinatis.com/achat-bieres-coffrets-bieres-du-monde	
achat-bieres-japonaises	Bières japonaises	1	-	|accueil|achat de bières au meilleur prix du net sur vinatis.com|achat de bières du monde	https://www.vinatis.com/achat-bieres-japonaises	
achat-bieres-pays-bas	Bières des Pays-Bas	#	-	|accueil|achat de bières au meilleur prix du net sur vinatis.com|achat de bières du monde	https://www.vinatis.com/achat-bieres-pays-bas	
achat-bieres-irlandaises	Bières irlandaises	2	-	|accueil|achat de bières au meilleur prix du net sur vinatis.com|achat de bières du monde	https://www.vinatis.com/achat-bieres-irlandaises	
achat-bieres-canadiennes	Bières canadiennes	1	-	|accueil|achat de bières au meilleur prix du net sur vinatis.com|achat de bières du monde	https://www.vinatis.com/achat-bieres-canadiennes	
achat-bieres-anglaises	Bières anglaises	2	-	|accueil|achat de bières au meilleur prix du net sur vinatis.com|achat de bières du monde	https://www.vinatis.com/achat-bieres-anglaises	
achat-bieres-italiennes	Bières italiennes	6	-	|accueil|achat de bières au meilleur prix du net sur vinatis.com|achat de bières du monde	https://www.vinatis.com/achat-bieres-italiennes	
achat-bieres-belgique	Bières belges	61	-	|accueil|achat de bières au meilleur prix du net sur vinatis.com|achat de bières du monde	https://www.vinatis.com/achat-bieres-belgique	
achat-bieres-francaises	Bières françaises	41	-	|accueil|achat de bières au meilleur prix du net sur vinatis.com|achat de bières du monde	https://www.vinatis.com/achat-bieres-francaises	
achat-vin-petit-chablis	Petit-Chablis	3	-	|accueil|vin	https://www.vinatis.com/achat-vin-petit-chablis	
achat-vin-autriche	Vins Autrichiens...Des vins blancs surprenants, riches et complexes.	2	-	|accueil|vin|vins du monde	https://www.vinatis.com/achat-vin-autriche	
achat-bieres-plus-fortes-recompenses	Bières : Les plus fortes récompenses	75	-	|accueil|achat de bières au meilleur prix du net sur vinatis.com	https://www.vinatis.com/achat-bieres-plus-fortes-recompenses	
achat-bieres-coups-de-coeur	Bières : les coups de coeur clients et les coups de coeur de sommeliers	24	-	|accueil|achat de bières au meilleur prix du net sur vinatis.com	https://www.vinatis.com/achat-bieres-coups-de-coeur	
achat-whisky-francais	Les whiskys français	5	-	|accueil|spiritueux|tous les whiskys	https://www.vinatis.com/achat-whisky-francais	
achat-bieres-meilleures-ventes	Top 10 Meilleures ventes de Bières !	10	-	|accueil|achat de bières au meilleur prix du net sur vinatis.com	https://www.vinatis.com/achat-bieres-meilleures-ventes	
achat-vin-coups-de-coeur-client-spiritueux	Spiritueux élus COUPS DE COEUR de nos clients !	6	-	|accueil|vin|achat vins coups de coeur clients	https://www.vinatis.com/achat-vin-coups-de-coeur-client-spiritueux	
achat-bieres	Avec Vinatis l’achat de bières sur Internet n’a jamais été aussi simple !	138	-	#	https://www.vinatis.com/achat-bieres	
achat-spiritueux-plus-75cl	Les spiritueux en grand format	14	-	|accueil|spiritueux	https://www.vinatis.com/achat-spiritueux-plus-75cl	
achat-spiritueux-porto	Tous nos Portos	8	-	|accueil|spiritueux	https://www.vinatis.com/achat-spiritueux-porto	
achat-spiritueux	#	312	-	#	https://www.vinatis.com/achat-spiritueux	
whisky-japonais	Whisky japonais	11	-	|accueil|spiritueux|tous les whiskys	https://www.vinatis.com/whisky-japonais	
achat-bieres-recompenses-hachette	Bières : les meilleures notes du Guide Hachette des Bières	34	-	|accueil|achat de bières au meilleur prix du net sur vinatis.com|bières : les plus fortes récompenses	https://www.vinatis.com/achat-bieres-recompenses-hachette	
achat-bieres-recompenses-medailles-or	Bières : les médaillées d'OR	18	-	|accueil|achat de bières au meilleur prix du net sur vinatis.com|bières : les plus fortes récompenses	https://www.vinatis.com/achat-bieres-recompenses-medailles-or	
achat-bieres-recompenses-ratebeer	Bières : Les meilleures notes RateBeer	48	-	|accueil|achat de bières au meilleur prix du net sur vinatis.com|bières : les plus fortes récompenses	https://www.vinatis.com/achat-bieres-recompenses-ratebeer	
achat-spiritueux-armagnac-millesime	Les armagnacs millésimés	34	-	|accueil|spiritueux	https://www.vinatis.com/achat-spiritueux-armagnac-millesime	
cachaca	Cachaça, notre sélection	2	-	#	https://www.vinatis.com/cachaca	
rhum	Rhum	36	-	#	https://www.vinatis.com/rhum	
achat-bieres-formats	Vos bières par formats	118	-	|accueil|achat de bières au meilleur prix du net sur vinatis.com	https://www.vinatis.com/achat-bieres-formats	
achat-bieres-verres	Les bières : tous les verres	10	-	|accueil|achat de bières au meilleur prix du net sur vinatis.com	https://www.vinatis.com/achat-bieres-verres	
achat-bieres-verres?slide=1339	Les bières : tous les verres	10	-	|accueil|achat de bières au meilleur prix du net sur vinatis.com	https://www.vinatis.com/achat-bieres-verres?slide=1339	
achat-bieres-coffrets-cartons-panaches?slide=1340	Les Bières : Coffrets 3 bouteilles et Cartons panachés	22	-	|accueil|achat de bières au meilleur prix du net sur vinatis.com	https://www.vinatis.com/achat-bieres-coffrets-cartons-panaches?slide=1340	
achat-bieres-noel?slide=1338	Bières de Noël	3	-	|accueil|achat de bières au meilleur prix du net sur vinatis.com	https://www.vinatis.com/achat-bieres-noel?slide=1338	
achat-bieres-coffrets-cartons-panaches	Les Bières : Coffrets 3 bouteilles et Cartons panachés	22	-	|accueil|achat de bières au meilleur prix du net sur vinatis.com	https://www.vinatis.com/achat-bieres-coffrets-cartons-panaches	
achat-spiritueux-genepi	Tous nos génépis	4	-	|accueil|spiritueux	https://www.vinatis.com/achat-spiritueux-genepi	
achat-spiritueux-cognac-armagnac	Tous nos cognacs et armagnacs	63	-	|accueil|spiritueux	https://www.vinatis.com/achat-spiritueux-cognac-armagnac	
achat-spiritueux-vodka	Toutes nos vodkas	22	-	|accueil|spiritueux	https://www.vinatis.com/achat-spiritueux-vodka	
achat-spiritueux-anises	Tous nos anisés	11	-	|accueil|spiritueux	https://www.vinatis.com/achat-spiritueux-anises	
achat-bieres-nouveautes	Bières : les dernières nouveautés	130	-	|accueil|achat de bières au meilleur prix du net sur vinatis.com	https://www.vinatis.com/achat-bieres-nouveautes	
achat-spiritueux-nouveautes	Les nouveautés	286	-	|accueil|spiritueux	https://www.vinatis.com/achat-spiritueux-nouveautes	
tequila	Tequila : notre sélection	5	-	|accueil|spiritueux	https://www.vinatis.com/tequila	
chartreuse	Chartreuse	7	-	|accueil|spiritueux	https://www.vinatis.com/chartreuse	
achat-bieres-coffrets-trois-bouteilles	Nos coffrets de trois bouteilles de bières	5	-	|accueil|achat de bières au meilleur prix du net sur vinatis.com|bières : coffrets 3 bouteilles et cartons panachés	https://www.vinatis.com/achat-bieres-coffrets-trois-bouteilles	
achat-bieres-cartons-panaches	Nos packs de bières en 75cl	5	-	|accueil|achat de bières au meilleur prix du net sur vinatis.com|bières : coffrets 3 bouteilles et cartons panachés	https://www.vinatis.com/achat-bieres-cartons-panaches	
achat-bieres-cartons-panaches-33	Nos packs de bières en 33cl	4	-	|accueil|achat de bières au meilleur prix du net sur vinatis.com|bières : coffrets 3 bouteilles et cartons panachés	https://www.vinatis.com/achat-bieres-cartons-panaches-33	
achat-spiritueux-moins-20	Les spiritueux à moins de 20 euros	16	-	|accueil|spiritueux	https://www.vinatis.com/achat-spiritueux-moins-20	
achat-spiritueux-coups-de-coeur	Coup de coeur sommelier	9	-	|accueil|spiritueux	https://www.vinatis.com/achat-spiritueux-coups-de-coeur	
achat-spiritueux-whisky	Whisky	117	-	|accueil|spiritueux	https://www.vinatis.com/achat-spiritueux-whisky	
achat-spiritueux-top-meilleures-ventes	Spiritueux top meilleures ventes	20	-	|accueil|spiritueux	https://www.vinatis.com/achat-spiritueux-top-meilleures-ventes	
achat-champagne-magnum	Magnums de champagne	47	-	|accueil|bon plan : achat de champagne au meilleur prix du net !|grand contenant	https://www.vinatis.com/achat-champagne-magnum	
achat-bieres-grandes-bouteilles	Les grandes bouteilles de bière	46	-	|accueil|achat de bières au meilleur prix du net sur vinatis.com|les differents formats de bieres	https://www.vinatis.com/achat-bieres-grandes-bouteilles	
achat-vin-grande-cave-classement-1855	Classement 1855Classement 1855 suivez le guide	85	-	|accueil|achat vins en ligne au meilleur prix : rdv dans la grande cave !	https://www.vinatis.com/achat-vin-grande-cave-classement-1855	
achat-champagne-medaille-d-or	Champagnes médaillés d'or	25	-	|accueil|bon plan : achat de champagne au meilleur prix du net !	https://www.vinatis.com/achat-champagne-medaille-d-or	
achat-champagne-robert-parker	Champagnes notés par Robert Parker	120	-	|accueil|bon plan : achat de champagne au meilleur prix du net !	https://www.vinatis.com/achat-champagne-robert-parker	
achat-vin-grande-cave-seconds-vins	Sélection 100% SECONDS VINS	38	-	|accueil|achat vins en ligne au meilleur prix : rdv dans la grande cave !	https://www.vinatis.com/achat-vin-grande-cave-seconds-vins	
achat-bieres-moyennes-bouteilles	Les bouteilles de bières de taille moyennes	16	-	|accueil|achat de bières au meilleur prix du net sur vinatis.com|les differents formats de bieres	https://www.vinatis.com/achat-bieres-moyennes-bouteilles	
achat-vin-grande-cave-bordeaux-liquoreux	BORDEAUX LIQUOREUX	20	-	|accueil|achat vins en ligne au meilleur prix : rdv dans la grande cave !	https://www.vinatis.com/achat-vin-grande-cave-bordeaux-liquoreux	
achat-champagne	L’achat de Champagne au meilleur prix du net Leader de la vente de Champagne en ligne, Vinatis vous propose de découvrir la plus belle sélection du net.	293	-	#	https://www.vinatis.com/achat-champagne	
achat-bieres-petites-bouteilles	Les petites bouteilles de bières	52	-	|accueil|achat de bières au meilleur prix du net sur vinatis.com|les differents formats de bieres	https://www.vinatis.com/achat-bieres-petites-bouteilles	
achat-grande-cave-grands-crus-revue-des-vins-de-france	SELECTION GUIDE DE LA REVUE DES VINS DE FRANCE	284	-	|accueil|achat vins en ligne au meilleur prix : rdv dans la grande cave !	https://www.vinatis.com/achat-grande-cave-grands-crus-revue-des-vins-de-france	
achat-vin-grande-cave-grands-crus-wine-spectator	SELECTION WINE SPECTACTOR	283	-	|accueil|achat vins en ligne au meilleur prix : rdv dans la grande cave !	https://www.vinatis.com/achat-vin-grande-cave-grands-crus-wine-spectator	
achat-grands-crus-parker-plus-de-50-euros	Sélection Robert Parker à plus de 50€	279	-	#	https://www.vinatis.com/achat-grands-crus-parker-plus-de-50-euros	
achat-grands-crus-parker-moins-de-50-euros	Selection robert parker a moins de 50€	166	-	|accueil|achat vins en ligne au meilleur prix : rdv dans la grande cave !	https://www.vinatis.com/achat-grands-crus-parker-moins-de-50-euros	
achat-vin-bourgogne-cote-de-nuits	Côte de Nuits	79	-	|accueil|vin|vins de bourgogne	https://www.vinatis.com/achat-vin-bourgogne-cote-de-nuits	
achat-vin-grande-cave-cinquiemes-crus-classes	CINQUIEMES CRUS CLASSES	17	-	|accueil|achat vins en ligne au meilleur prix : rdv dans la grande cave !	https://www.vinatis.com/achat-vin-grande-cave-cinquiemes-crus-classes	
achat-vin-grande-cave-quatriemes-crus-classes	QUATRIEMES CRUS CLASSES	9	-	|accueil|achat vins en ligne au meilleur prix : rdv dans la grande cave !	https://www.vinatis.com/achat-vin-grande-cave-quatriemes-crus-classes	
achat-vin-grande-cave-troisiemes-crus-classes	TROISIEMES CRUS CLASSES	12	-	|accueil|achat vins en ligne au meilleur prix : rdv dans la grande cave !	https://www.vinatis.com/achat-vin-grande-cave-troisiemes-crus-classes	
achat-vin-grande-cave-seconds-crus-classes	SECONDS CRUS CLASSES	15	-	|accueil|achat vins en ligne au meilleur prix : rdv dans la grande cave !	https://www.vinatis.com/achat-vin-grande-cave-seconds-crus-classes	
achat-vin-grande-cave-premiers-crus-classes	PREMIERS CRUS CLASSES	28	-	|accueil|achat vins en ligne au meilleur prix : rdv dans la grande cave !	https://www.vinatis.com/achat-vin-grande-cave-premiers-crus-classes	
achat-grands-crus-parker-plus-de-50-euros-autres-regions	SELECTION GRANDS VINS AUTRES REGIONS NOTES PAR ROBERT PARKER A MOINS DE 50€	3	-	|accueil|achat vins en ligne au meilleur prix : rdv dans la grande cave !	https://www.vinatis.com/achat-grands-crus-parker-plus-de-50-euros-autres-regions	
achat-grands-crus-parker-plus-de-50-euros-vins-du-monde	SELECTION GRANDS VINS DU MONDE NOTES PAR ROBERT PARKER A PLUS DE 50€	29	-	|accueil|achat vins en ligne au meilleur prix : rdv dans la grande cave !	https://www.vinatis.com/achat-grands-crus-parker-plus-de-50-euros-vins-du-monde	
achat-grands-crus-parker-moins-de-50-euros-vins-du-monde	SELECTION GRANDS VINS DU LANGUEDOC NOTES PAR ROBERT PARKER A MOINS DE 50€	11	-	|accueil|achat vins en ligne au meilleur prix : rdv dans la grande cave !	https://www.vinatis.com/achat-grands-crus-parker-moins-de-50-euros-vins-du-monde	
achat-grands-crus-parker-plus-de-50-euros-rhone	SELECTION GRANDS VINS DE LA VALLEE DU RHONE NOTES PAR ROBERT PARKER A PLUS DE 50€	36	-	|accueil|achat vins en ligne au meilleur prix : rdv dans la grande cave !|appellation graves	https://www.vinatis.com/achat-grands-crus-parker-plus-de-50-euros-rhone	
achat-vin-chambolle-musigny	Chambolle Musigny	12	-	|accueil|vin	https://www.vinatis.com/achat-vin-chambolle-musigny	
achat-champagne-par-type	Champagne par type	293	-	|accueil|bon plan : achat de champagne au meilleur prix du net !	https://www.vinatis.com/achat-champagne-par-type	
achat-vin-vosne-romanee	Vosne-Romanée	3	-	|accueil|vin	https://www.vinatis.com/achat-vin-vosne-romanee	
achat-grands-crus-parker-moins-de-50-euros-autres-regions	SELECTION GRANDS VINS AUTRES REGIONS NOTES PAR ROBERT PARKER A MOINS DE 50€	15	-	|accueil|achat vins en ligne au meilleur prix : rdv dans la grande cave !	https://www.vinatis.com/achat-grands-crus-parker-moins-de-50-euros-autres-regions	
achat-grands-crus-parker-moins-de-50-euros-rhone	SELECTION GRANDS VINS DE LA VALLEE DU RHONE NOTES PAR ROBERT PARKER A MOINS DE 50€	43	-	|accueil|achat vins en ligne au meilleur prix : rdv dans la grande cave !	https://www.vinatis.com/achat-grands-crus-parker-moins-de-50-euros-rhone	
achat-grands-crus-parker-moins-de-50-euros-languedoc	SELECTION GRANDS VINS DU LANGUEDOC NOTES PAR ROBERT PARKER A MOINS DE 50€	21	-	|accueil|achat vins en ligne au meilleur prix : rdv dans la grande cave !	https://www.vinatis.com/achat-grands-crus-parker-moins-de-50-euros-languedoc	
achat-grands-crus-parker-moins-de-50-euros-bourgogne	SELECTION GRANDS VINS DE BOURGOGNE NOTES PAR ROBERT PARKER A MOINS DE 50€	26	-	|accueil|achat vins en ligne au meilleur prix : rdv dans la grande cave !	https://www.vinatis.com/achat-grands-crus-parker-moins-de-50-euros-bourgogne	
achat-grands-crus-parker-moins-de-50-euros-bordeaux	SELECTION BORDEAUX GRANDS CRUS NOTES PAR ROBERT PARKER A MOINS DE 50€	24	-	|accueil|achat vins en ligne au meilleur prix : rdv dans la grande cave !	https://www.vinatis.com/achat-grands-crus-parker-moins-de-50-euros-bordeaux	
achat-grands-crus-parker-plus-de-50-euros-languedoc	SELECTION GRANDS VINS DU LANGUEDOC NOTES PAR ROBERT PARKER A MOINS DE 50€	7	-	|accueil|achat vins en ligne au meilleur prix : rdv dans la grande cave !	https://www.vinatis.com/achat-grands-crus-parker-plus-de-50-euros-languedoc	
achat-grands-crus-parker-plus-de-50-euros-bourgogne	SELECTION GRANDS VINS DE BOURGOGNE NOTES PAR ROBERT PARKER A PLUS DE 50€	65	-	|accueil|achat vins en ligne au meilleur prix : rdv dans la grande cave !	https://www.vinatis.com/achat-grands-crus-parker-plus-de-50-euros-bourgogne	
achat-grands-crus-parker-plus-de-50-euros-bordeaux	SELECTION BORDEAUX GRANDS CRUS NOTES PAR ROBERT PARKER A PLUS DE 50€	94	-	|accueil|achat vins en ligne au meilleur prix : rdv dans la grande cave !	https://www.vinatis.com/achat-grands-crus-parker-plus-de-50-euros-bordeaux	
achat-vin-hongrie	Vins de Hongrie	2	-	|accueil|vin|vins du monde	https://www.vinatis.com/achat-vin-hongrie	
achat-spiritueux-whisky-boise	Ma selection	62	-	|accueil|spiritueux|tous les whiskys	https://www.vinatis.com/achat-spiritueux-whisky-boise	
achat-vin-pommard	Pommard	12	-	|accueil|vin	https://www.vinatis.com/achat-vin-pommard	
achat-spiritueux-whisky-floral	Ma selection	12	-	|accueil|spiritueux|tous les whiskys	https://www.vinatis.com/achat-spiritueux-whisky-floral	
achat-spiritueux-whisky-epice	Ma selection	58	-	|accueil|spiritueux	https://www.vinatis.com/achat-spiritueux-whisky-epice	
achat-vin-grande-cave-graves	APPELLATION GRAVES	6	-	|accueil|achat vins en ligne au meilleur prix : rdv dans la grande cave !	https://www.vinatis.com/achat-vin-grande-cave-graves	
achat-vin-bourgogne-gevrey-chambertin	Gevrey-Chambertin	14	-	|accueil|vin	https://www.vinatis.com/achat-vin-bourgogne-gevrey-chambertin	
achat-spiritueux-whisky-fruites	Ma selection	75	-	|accueil|spiritueux|tous les whiskys	https://www.vinatis.com/achat-spiritueux-whisky-fruites	
achat-whisky-nikka	Whisky Nikka	8	-	|accueil|spiritueux	https://www.vinatis.com/achat-whisky-nikka	
achat-vin-grande-cave-pessac-leognan	APPELLATION PESSAC-LEOGNAN	42	-	|accueil|achat vins en ligne au meilleur prix : rdv dans la grande cave !	https://www.vinatis.com/achat-vin-grande-cave-pessac-leognan	
achat-coffret-whisky	Coffret whisky	18	-	|accueil|spiritueux	https://www.vinatis.com/achat-coffret-whisky	
achat-spiritueux-whisky-etats-unis	Les Whiskeys des Etats-Unis	17	-	|accueil|spiritueux|tous les whiskys	https://www.vinatis.com/achat-spiritueux-whisky-etats-unis	
achat-vin-grande-cave-pauillac	APPELLATION PAUILLAC	32	-	|accueil|achat vins en ligne au meilleur prix : rdv dans la grande cave !	https://www.vinatis.com/achat-vin-grande-cave-pauillac	
achat-vin-grande-cave-saint-julien	APPELLATION SAINT-JULIEN	23	-	|accueil|achat vins en ligne au meilleur prix : rdv dans la grande cave !	https://www.vinatis.com/achat-vin-grande-cave-saint-julien	
achat-vin-grande-cave-haut-medoc	Appellation Haut-Médoc	21	-	|accueil|achat vins en ligne au meilleur prix : rdv dans la grande cave !	https://www.vinatis.com/achat-vin-grande-cave-haut-medoc	
achat-vin-grande-cave-margaux	APPELLATION MARGAUX	30	-	|accueil|achat vins en ligne au meilleur prix : rdv dans la grande cave !	https://www.vinatis.com/achat-vin-grande-cave-margaux	
achat-vin-grande-cave-saint-emilion	APPELLATION SAINT-EMILION	32	-	|accueil|achat vins en ligne au meilleur prix : rdv dans la grande cave !	https://www.vinatis.com/achat-vin-grande-cave-saint-emilion	
achat-vin-rhone-chateauneuf-du-pape	Les Plus Belles Appellations : sélection Châteauneuf du Pape	32	-	|accueil|vin	https://www.vinatis.com/achat-vin-rhone-chateauneuf-du-pape	
achat-vin-alsace-grand-crus	Vins d'Alsace : les grands crus d'Alsace	10	-	|accueil|vin|autres régions|alsace	https://www.vinatis.com/achat-vin-alsace-grand-crus	
achat-vin-rhone-saint-joseph	Les Plus Belles Appellations : sélection Saint-Joseph	46	-	|accueil|vin	https://www.vinatis.com/achat-vin-rhone-saint-joseph	
achat-vin-grande-cave-grands-crus-provence	PROVENCE	46	-	|accueil|achat vins en ligne au meilleur prix : rdv dans la grande cave !	https://www.vinatis.com/achat-vin-grande-cave-grands-crus-provence	
achat-vin-grande-cave-grands-crus-languedoc	GRANDS CRUS DU LANGUEDOC-ROUSSILLON	78	-	|accueil|achat vins en ligne au meilleur prix : rdv dans la grande cave !	https://www.vinatis.com/achat-vin-grande-cave-grands-crus-languedoc	
achat-vin-bourgogne-prestige	Les vins de prestige en Bourgogne	157	-	|accueil|vin|vins de bourgogne	https://www.vinatis.com/achat-vin-bourgogne-prestige	
achat-grands-vins-du-rhone-prestige	Grands Vins du Rhône	46	-	|accueil|vin	https://www.vinatis.com/achat-grands-vins-du-rhone-prestige	
achat-vin-grande-cave-grands-millesimes	GRANDS MILLESIMES BORDEAUX	79	-	|accueil|achat vins en ligne au meilleur prix : rdv dans la grande cave !	https://www.vinatis.com/achat-vin-grande-cave-grands-millesimes	
achat-vin-grande-cave-grands-crus-plus-de-cent-euros	SELECTION BORDEAUX A PLUS DE 100€	57	-	|accueil|achat vins en ligne au meilleur prix : rdv dans la grande cave !	https://www.vinatis.com/achat-vin-grande-cave-grands-crus-plus-de-cent-euros	
achat-vin-grande-cave-grands-crus-entre-vingt-et-cinquante-euros	SELECTION BORDEAUX DE 20€ A 50€	53	-	|accueil|achat vins en ligne au meilleur prix : rdv dans la grande cave !	https://www.vinatis.com/achat-vin-grande-cave-grands-crus-entre-vingt-et-cinquante-euros	
achat-vin-rhone-cote-rotie	Les Plus Belles Appellations : sélection Côte-Rotie	24	-	|accueil|vin	https://www.vinatis.com/achat-vin-rhone-cote-rotie	
achat-vin-grande-cave-a-boire	Les vins de la grande cave prêts à boire	28	-	|accueil|achat vins en ligne au meilleur prix : rdv dans la grande cave !	https://www.vinatis.com/achat-vin-grande-cave-a-boire	
achat-grands-vins-du-rhone-prestige-blanc-plus-30	Grands Vins du Rhône 100% Blancs à plus de 30€	6	-	|accueil|vin|grands vins du rhône	https://www.vinatis.com/achat-grands-vins-du-rhone-prestige-blanc-plus-30	
achat-grands-vins-du-rhone-prestige-rouge-plus-30	Grands Vins du Rhône 100% Rouges à plus de 30€	21	-	|accueil|vin|grands vins du rhône	https://www.vinatis.com/achat-grands-vins-du-rhone-prestige-rouge-plus-30	
achat-grands-vins-du-rhone-prestige-blanc-30	Grands Vins du Rhône 100% Blancs à moins de 30€	9	-	|accueil|vin|grands vins du rhône	https://www.vinatis.com/achat-grands-vins-du-rhone-prestige-blanc-30	
achat-grands-vins-du-rhone-prestige-rouge-30	Grands Vins du Rhône 100% Rouges à Moins de 30€	11	-	|accueil|vin|grands vins du rhône	https://www.vinatis.com/achat-grands-vins-du-rhone-prestige-rouge-30	
achat-vin-grande-cave-fin-de-lots	FIN DE LOTS, DERNIERES BOUTEILLES	3	-	|accueil|achat vins en ligne au meilleur prix : rdv dans la grande cave !	https://www.vinatis.com/achat-vin-grande-cave-fin-de-lots	
achat-vin-grande-cave-grands-crus-demi-bouteille	FORMAT DEMI-BOUTEILLE	25	-	|accueil|achat vins en ligne au meilleur prix : rdv dans la grande cave !	https://www.vinatis.com/achat-vin-grande-cave-grands-crus-demi-bouteille	
achat-vin-grande-cave-grands-crus-grands-formats	BORDEAUX GRANDS FORMATS	37	-	|accueil|achat vins en ligne au meilleur prix : rdv dans la grande cave !	https://www.vinatis.com/achat-vin-grande-cave-grands-crus-grands-formats	
achat-vin-grande-cave-meilleures-ventes	TOP VENTES BORDEAUX GRANDS CRUS	20	-	|accueil|achat vins en ligne au meilleur prix : rdv dans la grande cave !	https://www.vinatis.com/achat-vin-grande-cave-meilleures-ventes	
achat-vin-grande-cave	La Grande Cave	948	-	#	https://www.vinatis.com/achat-vin-grande-cave	
achat-vin-cubi	SELECTION CUBIS	30	-	|accueil|vin	https://www.vinatis.com/achat-vin-cubi	
achat-vin-argentine	Sélection Vins Argentins	19	-	|accueil|vin|vins du monde	https://www.vinatis.com/achat-vin-argentine	
achat-vin-effervescent	Vins Effervescents Crémant, Prosecco,  Lambrusco, Cava	28	-	|accueil|vin	https://www.vinatis.com/achat-vin-effervescent	
achat-vin-italie	Grâce à VINATIS, acheter un vin italien est simple comme un clic…Laissez-vous guider !!!	48	-	|accueil|vin|vins du monde	https://www.vinatis.com/achat-vin-italie	
achat-vin-espagne	Envie d’acheter un vin espagnol au meilleur prix sans passer des heures à chercher ? Suivez le guide VINATIS…	47	-	|accueil|vin|vins du monde	https://www.vinatis.com/achat-vin-espagne	
achat-vins-du-monde	Avec Vinatis, l’achat de Vins du Monde sur internet n’a jamais été aussi simple !	207	-	|accueil|vin	https://www.vinatis.com/achat-vins-du-monde	
achat-vin-bourgogne	Avec Vinatis, l’achat de vin de Bourgogne sur internet n’a jamais été aussi simple !	361	-	|accueil|vin	https://www.vinatis.com/achat-vin-bourgogne	
achat-vin-autres-regions	Achetez tous les vins du Sud-Ouest, d’Alsace, de Provence, de Loire, du Jura, de Savoie, de Corse, du Beaujolais aux meilleurs prix sur Vinatis.com	337	-	|accueil|vin	https://www.vinatis.com/achat-vin-autres-regions	
achat-vin-bordeaux	Achat Vin de Bordeaux	250	-	|accueil|vin	https://www.vinatis.com/achat-vin-bordeaux	
achat-vin-argentine-vins-blancs	Ma selection	4	-	|accueil|vin|vins du monde|argentine	https://www.vinatis.com/achat-vin-argentine-vins-blancs	
cote-du-rhone-vins-rhone	COTE DU RHONE ET GRANDS VINS DE LA VALLEE DU RHONE	343	-	|accueil|vin	https://www.vinatis.com/cote-du-rhone-vins-rhone	
achat-vin-argentine-vins-rouges	Ma selection	15	-	|accueil|vin|vins du monde|argentine	https://www.vinatis.com/achat-vin-argentine-vins-rouges	
achat-vin-espagne-magnum-et-cubi	Magnums, BIB de vins espagnols	4	-	|accueil|vin|vins du monde|espagne	https://www.vinatis.com/achat-vin-espagne-magnum-et-cubi	
achat-vin-grande-cave-grands-crus-espagne	VINS ESPAGNOLS GRANDS CRUS	7	-	|accueil|vin|vins du monde|espagne	https://www.vinatis.com/achat-vin-grande-cave-grands-crus-espagne	
achat-vins-monde-afrique-sud	Immersion en Afrique du Sud	8	-	|accueil|vin|vins du monde	https://www.vinatis.com/achat-vins-monde-afrique-sud	
achat-vins-monde-australie-nouvelle-zelande-vin-blanc	Vins blancs Australiens et de Nouvelle-Zélande	6	-	|accueil|vin|vins du monde	https://www.vinatis.com/achat-vins-monde-australie-nouvelle-zelande-vin-blanc	
achat-jura-vin-jaune	Sélection de vin jaune du Jura	1	-	|accueil|vin|autres régions|jura	https://www.vinatis.com/achat-jura-vin-jaune	
achat-vins-monde-australie-nouvelle-zelande-vin-rouge	Vins rouges Australiens et de Nouvelle-Zélande	14	-	|accueil|vin|vins du monde	https://www.vinatis.com/achat-vins-monde-australie-nouvelle-zelande-vin-rouge	
achat-vin-autres-region-effervescents	Sélection vins effervescents	9	-	|accueil|vin|autres régions	https://www.vinatis.com/achat-vin-autres-region-effervescents	
achat-vin-bordeaux-parker	100% Bordeaux noté par R. Parker	166	-	|accueil|vin|bordeaux	https://www.vinatis.com/achat-vin-bordeaux-parker	
achat-vin-rhone-coups-de-coeur-sommeliers	Rhône Coups de Coeur Sommeliers	40	-	|accueil|vin	https://www.vinatis.com/achat-vin-rhone-coups-de-coeur-sommeliers	
achat-vin-robert-parker-rhone-html	100% Rhône noté R. Parker à moins de 20€	42	-	|accueil|vin	https://www.vinatis.com/achat-vin-robert-parker-rhone-html	
achat-vin-rhone-decouvertes-nouveautes	A découvrir de toute urgence	306	-	|accueil|vin	https://www.vinatis.com/achat-vin-rhone-decouvertes-nouveautes	
achat-vin-rhone-cotes-du-rhone	Les Plus Belles Appellations : sélection Côtes du Rhône	36	-	|accueil|vin	https://www.vinatis.com/achat-vin-rhone-cotes-du-rhone	
achat-vin-rhone-moins-10	Sélection Rhône à moins de 10€	69	-	|accueil|vin	https://www.vinatis.com/achat-vin-rhone-moins-10	
achat-magnum-bordeaux	Ma selection	45	-	|accueil|vin|bordeaux	https://www.vinatis.com/achat-magnum-bordeaux	
achat-vin-bordeaux-promotions-moins-de-dix-euros	SELECTION MOINS DE 10€	33	-	|accueil|promotion vins champagnes spiriteux|achat vins bordeaux en promotion	https://www.vinatis.com/achat-vin-bordeaux-promotions-moins-de-dix-euros	
achat-vin-bordeaux-medailles	TOP BORDEAUX MEDAILLES D'OR	48	-	|accueil|vin|bordeaux	https://www.vinatis.com/achat-vin-bordeaux-medailles	
achat-vin-autres-regions-cubi	Sélection Cubi	9	-	|accueil|vin|autres régions	https://www.vinatis.com/achat-vin-autres-regions-cubi	
achat-vin-autres-region-bio	Sélection Vins Bio autres régions	47	-	|accueil|vin|autres régions	https://www.vinatis.com/achat-vin-autres-region-bio	
achat-vin-duche-d-uzes	Duché d'Uzès	2	-	|accueil|vin	https://www.vinatis.com/achat-vin-duche-d-uzes	
achat-vin-autres-regions-magnum-jero	Sélection Vins Magnums et Jeroboams autres régions	42	-	|accueil|vin|autres régions	https://www.vinatis.com/achat-vin-autres-regions-magnum-jero	
achat-vin-rose-bio-autres-regions	Vins Rosés Bio autres régions	10	-	|accueil|vin|autres régions|achat vin bio autres regions	https://www.vinatis.com/achat-vin-rose-bio-autres-regions	
achat-vin-rouge-autre-regions-bio	Vins Rouges Bio autres régions	22	-	|accueil|vin|autres régions|achat vin bio autres regions	https://www.vinatis.com/achat-vin-rouge-autre-regions-bio	
achat-vin-blanc-bio-autres-regions	Vins Blancs Bio autres régions	15	-	|accueil|vin|autres régions|achat vin bio autres regions	https://www.vinatis.com/achat-vin-blanc-bio-autres-regions	
achat-vins-blancs-autres-regions-magnums-jeroboams	Vins Blancs Magnums Jeroboams autres régions	7	-	|accueil|vin|autres régions|achat magnums et jeroboam vins autres régions	https://www.vinatis.com/achat-vins-blancs-autres-regions-magnums-jeroboams	
achat-vins-rouges-magnums-jeroboams-autres-regions	Vins Rouges Magnums Jeroboams autres régions	10	-	|accueil|vin|autres régions|achat magnums et jeroboam vins autres régions	https://www.vinatis.com/achat-vins-rouges-magnums-jeroboams-autres-regions	
achat-vin-autres-region-top20-coups-coeur	Sélection Coups de coeur sommeliers	55	-	#	https://www.vinatis.com/achat-vin-autres-region-top20-coups-coeur	
achat-vins-roses-autres-regions-magnum-jeroboam	Vins Rosés Magnums et Jeroboams	30	-	|accueil|vin|autres régions|achat magnums et jeroboam vins autres régions	https://www.vinatis.com/achat-vins-roses-autres-regions-magnum-jeroboam	
achat-vin-autres-region-top20-meilleures-ventes	Sélection Top 20 meilleures ventes	20	-	|accueil|vin|autres régions	https://www.vinatis.com/achat-vin-autres-region-top20-meilleures-ventes	
achat-vin-autres-region-top20-petits-prix	Sélection TOP 20 à moins de 10 €	20	-	|accueil|vin|autres régions	https://www.vinatis.com/achat-vin-autres-region-top20-petits-prix	
achat-vin-autres-region-moins-5	Selection moins de 5€	12	-	|accueil|vin|autres régions	https://www.vinatis.com/achat-vin-autres-region-moins-5	
achat-vin-montagny	Montagny	3	-	|accueil|vin	https://www.vinatis.com/achat-vin-montagny	
achat-vin-bourgogne-chablisien-auxerrois	Les vins de Bourgogne en Chablisien-Auxerrois	38	-	|accueil|vin|vins de bourgogne	https://www.vinatis.com/achat-vin-bourgogne-chablisien-auxerrois	
achat-vin-bouzeron	Bouzeron 	1	-	|accueil|vin	https://www.vinatis.com/achat-vin-bouzeron	
achat-vin-givry	Givry	4	-	|accueil|vin	https://www.vinatis.com/achat-vin-givry	
achat-vin-bourgogne-bio	Les vins bio de Bourgogne	4	-	|accueil|vin|vins de bourgogne	https://www.vinatis.com/achat-vin-bourgogne-bio	
achat-vin-bourgogne-destockage-fin-de-lot	Destockage et fins de lots Bourgogne	#	-	|accueil|vin	https://www.vinatis.com/achat-vin-bourgogne-destockage-fin-de-lot	
achat-vin-bourgogne-cote-chalonnaise	Les Bourgognes de la Côte Chalonnaise	20	-	|accueil|vin|vins de bourgogne	https://www.vinatis.com/achat-vin-bourgogne-cote-chalonnaise	
achat-vin-bourgogne-maconnais	Les Bourgognes du Mâconnais	33	-	|accueil|vin|vins de bourgogne	https://www.vinatis.com/achat-vin-bourgogne-maconnais	
achat-vin-bourgogne-magnum-et-cubi	Magnums, jeroboams et cubis de Bourgogne	32	-	|accueil|vin|vins de bourgogne	https://www.vinatis.com/achat-vin-bourgogne-magnum-et-cubi	
achat-vin-bourgogne-nouveaute	Les nouveautés de Bourgogne	348	-	|accueil|vin|vins de bourgogne	https://www.vinatis.com/achat-vin-bourgogne-nouveaute	
achat-vin-bourgogne-meilleure-recompense	Les meilleures récompenses de Bourgogne	144	-	|accueil|vin|vins de bourgogne	https://www.vinatis.com/achat-vin-bourgogne-meilleure-recompense	
achat-vin-bourgogne-valeur-sures	100% valeurs sûres	88	-	|accueil|vin|vins de bourgogne	https://www.vinatis.com/achat-vin-bourgogne-valeur-sures	
achat-vin-bourgogne-parker-plus-de-90	Sélection de vins de Bourgogne noté plus de 90 par Robert Parker	102	-	|accueil|vin|vins de bourgogne	https://www.vinatis.com/achat-vin-bourgogne-parker-plus-de-90	
achat-vin-bourgogne-moins-10	Sélection de vin de Bourgogne à moins de 10 euros	17	-	|accueil|vin	https://www.vinatis.com/achat-vin-bourgogne-moins-10	
achat-vin-maranges	Maranges	1	-	|accueil|vin	https://www.vinatis.com/achat-vin-maranges	
achat-vins-monde-amerique-latine-vins-blancs	Vins blancs d'Amérique Latine	6	-	|accueil|vin|vins du monde	https://www.vinatis.com/achat-vins-monde-amerique-latine-vins-blancs	
achat-vins-monde-magnum-cubi	Magnums, BIB de Vins du Monde	6	-	|accueil|vin|vins du monde	https://www.vinatis.com/achat-vins-monde-magnum-cubi	
achat-vins-monde-australie-nouvelle-zelande	Départ immédiat pour l'Australie et la Nouvelle-Zélande !	20	-	|accueil|vin|vins du monde	https://www.vinatis.com/achat-vins-monde-australie-nouvelle-zelande	
achat-vins-monde-amerique-latine-vins-rouges	Les vins rouges d'Amérique Latine	23	-	|accueil|vin|vins du monde	https://www.vinatis.com/achat-vins-monde-amerique-latine-vins-rouges	
achat-vin-maroc	Vins du Maroc	#	-	|accueil|vin|vins du monde	https://www.vinatis.com/achat-vin-maroc	
achat-vins-monde-podium-appellations-espagne	Le podium des appellations espagnoles	12	-	|accueil|vin|vins du monde	https://www.vinatis.com/achat-vins-monde-podium-appellations-espagne	
achat-vins-monde-regions-phares-italie	Le podium des régions italiennes	17	-	|accueil|vin|vins du monde	https://www.vinatis.com/achat-vins-monde-regions-phares-italie	
achat-vins-monde-coup-coeur-sommeliers	Coups de Coeur Sommeliers des Vins du Monde	45	-	|accueil|vin|vins du monde	https://www.vinatis.com/achat-vins-monde-coup-coeur-sommeliers	
achat-vin-monde-destockage-fins-lots	Déstockage et Fins de lots en Vins du Monde	12	-	|accueil|promotion vins champagnes spiriteux|destockage et fins de lots	https://www.vinatis.com/achat-vin-monde-destockage-fins-lots	
achat-vin-roumanie	Ma selection	#	-	|accueil|vin|vins du monde	https://www.vinatis.com/achat-vin-roumanie	
achat-vin-uruguay	Vins d'Urugay	1	-	|accueil|vin|vins du monde	https://www.vinatis.com/achat-vin-uruguay	
achat-vin-nouvelle-zelande	Sélection Vins de Nouvelle-Zélande	8	-	|accueil|vin|vins du monde	https://www.vinatis.com/achat-vin-nouvelle-zelande	
achat-vin-bulgarie	Vins de Bulgarie	2	-	|accueil|vin|vins du monde	https://www.vinatis.com/achat-vin-bulgarie	
achat-vin-monde-moins-10	Top 20 à moins de 10 €	20	-	|accueil|vin|vins du monde	https://www.vinatis.com/achat-vin-monde-moins-10	
achat-vin-israel	Vins d'Israël	1	-	|accueil|vin|vins du monde	https://www.vinatis.com/achat-vin-israel	
achat-vin-espagne-cepages-atypiques	CEPAGES & APPELLATIONS TYPIQUES ESPAGNE	15	-	|accueil|vin|vins du monde|espagne	https://www.vinatis.com/achat-vin-espagne-cepages-atypiques	
achat-vin-rouge-fruites-espagnol	ESPAGNE VINS ROUGES FRUITES & LEGERS	21	-	|accueil|vin|vins du monde|espagne	https://www.vinatis.com/achat-vin-rouge-fruites-espagnol	
achat-vin-nouvelle-zelande-vins-blancs	Ma selection	5	-	|accueil|vin|vins du monde|nouvelle-zélande	https://www.vinatis.com/achat-vin-nouvelle-zelande-vins-blancs	
achat-vin-nouvelle-zelande-vins-rouges	Ma selection	3	-	|accueil|vin|vins du monde|nouvelle-zélande	https://www.vinatis.com/achat-vin-nouvelle-zelande-vins-rouges	
achat-vin-espagne-puissant	Vins Rouges Espagnols puissants et corsés	10	-	|accueil|vin|vins du monde|espagne	https://www.vinatis.com/achat-vin-espagne-puissant	
achat-vin-blanc-sec-fruite-espagne	ESPAGNE VINS BLANCS SECS & FRUITES	5	-	|accueil|vin|vins du monde|espagne	https://www.vinatis.com/achat-vin-blanc-sec-fruite-espagne	
achat-vin-italien-grands-crus	LES GRANDS CRUS DE VINS ITALIENS	8	-	|accueil|vin|vins du monde|italie	https://www.vinatis.com/achat-vin-italien-grands-crus	
achat-vin-espagne-moins-10	TOP SELECTION ESPAGNE A MOINS DE 10 EUROS	30	-	|accueil|vin|vins du monde|espagne	https://www.vinatis.com/achat-vin-espagne-moins-10	
achat-vin-italien-region-toscane	IMMERSION EN TOSCANE...	8	-	|accueil|vin|vins du monde|italie	https://www.vinatis.com/achat-vin-italien-region-toscane	
achat-vin-italien-region-piemont	ZOOM SUR LE PIEMONT	9	-	|accueil|vin|vins du monde|italie	https://www.vinatis.com/achat-vin-italien-region-piemont	
achat-vin-italien-selection-robert-parker	Sélection vins italiens par Robert Parker	12	-	|accueil|vin|vins du monde|italie	https://www.vinatis.com/achat-vin-italien-selection-robert-parker	
achat-vin-italien-selection-les-plus-recompenses	Tous nos vins italiens les plus récompensés par la presse internationale !!!	19	-	|accueil|vin|vins du monde|italie	https://www.vinatis.com/achat-vin-italien-selection-les-plus-recompenses	
achat-vin-italien-prosecco	Tous nos Prosecco d'Italie !!!	8	-	|accueil|vin|vins du monde|italie	https://www.vinatis.com/achat-vin-italien-prosecco	
achat-vin-italien-region-toscane?slide=1341	IMMERSION EN TOSCANE...	8	-	|accueil|vin|vins du monde|italie	https://www.vinatis.com/achat-vin-italien-region-toscane?slide=1341	
achat-vin-italien-coup-coeur-sommelier	TOP SELECTION ITALIE 100% COUP DE COEUR SOMMELIERS	6	-	|accueil|vin|vins du monde|italie	https://www.vinatis.com/achat-vin-italien-coup-coeur-sommelier	
achat-vin-italien-valeurs-sures	TOP SELECTION ITALIE 100% VALEURS SURES	18	-	|accueil|vin|vins du monde|italie	https://www.vinatis.com/achat-vin-italien-valeurs-sures	
achat-vin-italie-nouveautes	Ma selection	48	-	|accueil|vin|vins du monde|italie	https://www.vinatis.com/achat-vin-italie-nouveautes	
achat-vin-italie-moins-10	TOP SELECTION ITALIE A MOINS DE 10 EUROS	24	-	|accueil|vin|vins du monde|italie	https://www.vinatis.com/achat-vin-italie-moins-10	
achat-les-plus-fortes-promo-vins-italiens	TOP SELECTION DES PLUS FORTES PROMO DE VINS ITALIENS	14	-	|accueil|vin|vins du monde|italie	https://www.vinatis.com/achat-les-plus-fortes-promo-vins-italiens	
achat-vin-rose	Vins Rosés	97	-	|accueil|vin	https://www.vinatis.com/achat-vin-rose	
achat-vin-grande-cave-grands-crus-entre-cinquante-et-cent-euros	SELECTION GRANDS VINS DE 50€ A 100€	162	-	|accueil|achat vins en ligne au meilleur prix : rdv dans la grande cave !	https://www.vinatis.com/achat-vin-grande-cave-grands-crus-entre-cinquante-et-cent-euros	
achat-vin-rouge	Vin rouge	1020	-	|accueil|vin	https://www.vinatis.com/achat-vin-rouge	
achat-vin-blanc	Les meilleurs vins blancs sélectionnés par Vinatis.	540	-	|accueil|vin	https://www.vinatis.com/achat-vin-blanc	
achat-vin-coups-de-coeur-client-10-a-20-euros	Vins de 10€ à 20€ élus COUPS DE COEUR de nos clients !	118	-	|accueil|vin|achat vins coups de coeur clients	https://www.vinatis.com/achat-vin-coups-de-coeur-client-10-a-20-euros	
achat-vin-bio	Tous nos Vins Bios	184	-	|accueil|vin	https://www.vinatis.com/achat-vin-bio	
achat-vins-vieux-millesimes-prets-a-boire	Les vieux millesimes : tous nos vins prêts à boire !	99	-	|accueil|coffrets vin champagne : laissez-vous emballer par nos idées cadeaux !	https://www.vinatis.com/achat-vins-vieux-millesimes-prets-a-boire	
achat-vin-parker-moins-10	Sélection R. Parker à -10€	59	-	|accueil|vin	https://www.vinatis.com/achat-vin-parker-moins-10	
achat-vin-coups-de-coeur-client-moins-10-euros	Vins -10€ élus COUPS DE COEUR de nos clients !	105	-	|accueil|vin|achat vins coups de coeur clients	https://www.vinatis.com/achat-vin-coups-de-coeur-client-moins-10-euros	
achat-vin-grande-cave-meilleures-affaires	TOP 20 MEILLEURES AFFAIRES	20	-	|accueil|achat vins en ligne au meilleur prix : rdv dans la grande cave !	https://www.vinatis.com/achat-vin-grande-cave-meilleures-affaires	
achat-vin	Boutique Vins	1850	-	#	https://www.vinatis.com/achat-vin	
achat-vin-rose-moins-10	Top Rosés à moins de 10€	22	-	|accueil|vin|vin roses	https://www.vinatis.com/achat-vin-rose-moins-10	
achat-spiritueux-promotion	Top Affaires Spiritueux	37	-	|accueil|spiritueux	https://www.vinatis.com/achat-spiritueux-promotion	
achat-bieres-promotion	Bières, les plus fortes promotions	99	-	|accueil|achat de bières au meilleur prix du net sur vinatis.com	https://www.vinatis.com/achat-bieres-promotion	
achat-vin-monde-les-plus-fortes-promo	Top des Meilleures Promos en Vins du Monde	40	-	|accueil|vin|vins du monde	https://www.vinatis.com/achat-vin-monde-les-plus-fortes-promo	
achat-vin-languedoc-promotions	LANGUEDOC, les meilleures promotions	138	-	|accueil|promotion vins champagnes spiriteux	https://www.vinatis.com/achat-vin-languedoc-promotions	
achat-vin-bio-rose	Tous nos vins bio rosés	18	-	|accueil|vin|vins bio	https://www.vinatis.com/achat-vin-bio-rose	
achat-vin-rose-valeurs-sures	Rosés 100% Valeurs Sures	18	-	|accueil|vin|vin roses	https://www.vinatis.com/achat-vin-rose-valeurs-sures	
achat-vin-rhone-promotions	RHONE, les meilleures promotions	146	-	|accueil|promotion vins champagnes spiriteux	https://www.vinatis.com/achat-vin-rhone-promotions	
achat-vin-bourgogne-promotions	BOURGOGNE, les meilleures promotions	150	-	|accueil|promotion vins champagnes spiriteux	https://www.vinatis.com/achat-vin-bourgogne-promotions	
achat-vins-vieux-millesimes-prets-a-boire-champagnes	Les vieux millesimes : tous nos Champagnes prêts à boire !	4	-	|accueil|coffrets vin champagne : laissez-vous emballer par nos idées cadeaux !|selection reveillon : vieux millesimes prets a boire	https://www.vinatis.com/achat-vins-vieux-millesimes-prets-a-boire-champagnes	
achat-vin-vio-blanc	Tous nos vins bio blancs	50	-	|accueil|vin|vins bio	https://www.vinatis.com/achat-vin-vio-blanc	
achat-vins-vieux-millesimes-prets-a-boire-rouges	Les vieux millesimes : tous nos vins rouges prêts à boire !	70	-	|accueil|coffrets vin champagne : laissez-vous emballer par nos idées cadeaux !|selection reveillon : vieux millesimes prets a boire	https://www.vinatis.com/achat-vins-vieux-millesimes-prets-a-boire-rouges	
achat-vins-vieux-millesimes-prets-a-boire-blancs-ambres	Les vieux millesimes : tous nos vins blancs prêts à boire !	29	-	|accueil|coffrets vin champagne : laissez-vous emballer par nos idées cadeaux !|selection reveillon : vieux millesimes prets a boire	https://www.vinatis.com/achat-vins-vieux-millesimes-prets-a-boire-blancs-ambres	
achat-vin-de-france	Vins de France	13	-	|accueil|vin	https://www.vinatis.com/achat-vin-de-france	
achat-vins-promo-prestige?slide=1265	Grands vins en Promotion	98	-	|accueil|promotion vins champagnes spiriteux	https://www.vinatis.com/achat-vins-promo-prestige?slide=1265	
achat-vin-top-20-hachette	TOP 20 - Les 20 meilleures ventes notées par le GUIDE HACHETTE	20	-	|accueil|vin	https://www.vinatis.com/achat-vin-top-20-hachette	
achat-vin-top-20-double-medailles-d-or	TOP 20 Meilleures ventes double-médaillées d'OR	20	-	|accueil|vin	https://www.vinatis.com/achat-vin-top-20-double-medailles-d-or	
achat-vin-bordeaux-promotions	BORDEAUX, les meilleures promotions	120	-	|accueil|promotion vins champagnes spiriteux	https://www.vinatis.com/achat-vin-bordeaux-promotions	
achat-vin-rose-promotion	Rosés : Les plus fortes remises	20	-	|accueil|vin|vin roses	https://www.vinatis.com/achat-vin-rose-promotion	
achat-top-affaires-grands-formats-vins-champagnes	Grands formats, les meilleures affaires	87	-	|accueil|promotion vins champagnes spiriteux	https://www.vinatis.com/achat-top-affaires-grands-formats-vins-champagnes	
achat-vin-top-20-parker	TOP 20 - Les 20 meilleures ventes notées par Robert PARKER	20	-	|accueil|vin	https://www.vinatis.com/achat-vin-top-20-parker	
achat-vins-promo-prestige	Grands vins en Promotion	98	-	|accueil|promotion vins champagnes spiriteux	https://www.vinatis.com/achat-vins-promo-prestige	
achat-vin-bio-rouge	Tous nos vins bio rouges	118	-	|accueil|vin|vins bio	https://www.vinatis.com/achat-vin-bio-rouge	
achat-vin-petits-prix-moins-de-5	Sélection à -5€	27	-	|accueil|promotion vins champagnes spiriteux	https://www.vinatis.com/achat-vin-petits-prix-moins-de-5	
