touraine	Touraine	10	-	|accueil|vin, champagne, alcool|vin|vins de loire	https://www.auchan.fr/vin-champagne-alcool/vin/vins-de-loire/touraine/c-9355437	
vins-du-languedoc-roussillon	Vins du Languedoc	50	-	|accueil|vin, champagne, alcool|vin	https://www.auchan.fr/vin-champagne-alcool/vin/vins-du-languedoc-roussillon/c-9355259	
vins-d-alsace	Vins d'Alsace	32	-	|accueil|vin, champagne, alcool|vin	https://www.auchan.fr/vin-champagne-alcool/vin/vins-d-alsace/c-9345253	
sancerre	Sancerre	1	-	|accueil|vin, champagne, alcool|vin|vins de loire	https://www.auchan.fr/vin-champagne-alcool/vin/vins-de-loire/sancerre/c-180720171334	
vouvray	Vouvray	1	-	|accueil|vin, champagne, alcool|vin|vins de loire	https://www.auchan.fr/vin-champagne-alcool/vin/vins-de-loire/vouvray/c-9355439	
valencay	Valençay	2	-	|accueil|vin, champagne, alcool|vin|vins de loire	https://www.auchan.fr/vin-champagne-alcool/vin/vins-de-loire/valencay/c-9355438	
saumur-champigny	Saumur-Champigny	8	-	|accueil|vin, champagne, alcool|vin|vins de loire	https://www.auchan.fr/vin-champagne-alcool/vin/vins-de-loire/saumur-champigny/c-9355435	
saumur	Saumur	5	-	|accueil|vin, champagne, alcool|vin|vins de loire	https://www.auchan.fr/vin-champagne-alcool/vin/vins-de-loire/saumur/c-9355434	
saint-pourcain	Saint Pourçain	1	-	|accueil|vin, champagne, alcool|vin|vins de loire	https://www.auchan.fr/vin-champagne-alcool/vin/vins-de-loire/saint-pourcain/c-9355433	
saint-nicolas-de-bourgueil	Saint Nicolas de Bourgueil	1	-	|accueil|vin, champagne, alcool|vin|vins de loire	https://www.auchan.fr/vin-champagne-alcool/vin/vins-de-loire/saint-nicolas-de-bourgueil/c-9355432	
sancerre	Sancerre	6	-	|accueil|vin, champagne, alcool|vin|vins de loire	https://www.auchan.fr/vin-champagne-alcool/vin/vins-de-loire/sancerre/c-9355431	
rose-de-loire	Rosé de Loire	3	-	|accueil|vin, champagne, alcool|vin|vins de loire	https://www.auchan.fr/vin-champagne-alcool/vin/vins-de-loire/rose-de-loire/c-9355430	
rose-d-anjou	Rosé d'Anjou	1	-	|accueil|vin, champagne, alcool|vin|vins de loire	https://www.auchan.fr/vin-champagne-alcool/vin/vins-de-loire/rose-d-anjou/c-9355429	
reuilly	Reuilly	1	-	|accueil|vin, champagne, alcool|vin|vins de loire	https://www.auchan.fr/vin-champagne-alcool/vin/vins-de-loire/reuilly/c-9355428	
pouilly-fume	Pouilly-Fumé	2	-	|accueil|vin, champagne, alcool|vin|vins de loire	https://www.auchan.fr/vin-champagne-alcool/vin/vins-de-loire/pouilly-fume/c-9355425	
muscadet	Muscadet	4	-	|accueil|vin, champagne, alcool|vin|vins de loire	https://www.auchan.fr/vin-champagne-alcool/vin/vins-de-loire/muscadet/c-9355424	
autres-effervescents	Autres Effervescents	20	-	|accueil|vin, champagne, alcool|champagne et vin effervescent|vins pétillants et effervescents	https://www.auchan.fr/vin-champagne-alcool/champagne-et-vin-effervescent/vins-petillants-et-effervescents/autres-effervescents/c-9726860	
vins-petillants-et-effervescents	Vins effervescents	31	-	|accueil|vin, champagne, alcool|champagne et vin effervescent	https://www.auchan.fr/vin-champagne-alcool/champagne-et-vin-effervescent/vins-petillants-et-effervescents/c-9355265	
champagnes-notes-dans-les-guides	Champagnes notés dans les Guides	35	-	|accueil|vin, champagne, alcool|champagne et vin effervescent	https://www.auchan.fr/vin-champagne-alcool/champagne-et-vin-effervescent/champagnes-notes-dans-les-guides/c-201705171542	
magnum-de-champagne-et-plus	Magnum de champagne et plus	8	-	|accueil|vin, champagne, alcool|champagne et vin effervescent	https://www.auchan.fr/vin-champagne-alcool/champagne-et-vin-effervescent/magnum-de-champagne-et-plus/c-201610271626	
saumur	Saumur	1	-	|accueil|vin, champagne, alcool|champagne et vin effervescent|vins pétillants et effervescents	https://www.auchan.fr/vin-champagne-alcool/champagne-et-vin-effervescent/vins-petillants-et-effervescents/saumur/c-9355515	
cremant-de-loire	Crémant de Loire	4	-	|accueil|vin, champagne, alcool|champagne et vin effervescent|vins pétillants et effervescents	https://www.auchan.fr/vin-champagne-alcool/champagne-et-vin-effervescent/vins-petillants-et-effervescents/cremant-de-loire/c-9355514	
cremant-de-bourgogne	Crémant de Bourgogne	3	-	|accueil|vin, champagne, alcool|champagne et vin effervescent|vins pétillants et effervescents	https://www.auchan.fr/vin-champagne-alcool/champagne-et-vin-effervescent/vins-petillants-et-effervescents/cremant-de-bourgogne/c-9355513	
cremant-de-bordeaux	Crémant de Bordeaux	3	-	|accueil|vin, champagne, alcool|champagne et vin effervescent|vins pétillants et effervescents	https://www.auchan.fr/vin-champagne-alcool/champagne-et-vin-effervescent/vins-petillants-et-effervescents/cremant-de-bordeaux/c-9355512	
cremant-d-alsace	Crémant d'Alsace	3	-	|accueil|vin, champagne, alcool|champagne et vin effervescent|vins pétillants et effervescents	https://www.auchan.fr/vin-champagne-alcool/champagne-et-vin-effervescent/vins-petillants-et-effervescents/cremant-d-alsace/c-9355511	
clairette-de-die	Clairette de Die	1	-	|accueil|vin, champagne, alcool|champagne et vin effervescent|vins pétillants et effervescents	https://www.auchan.fr/vin-champagne-alcool/champagne-et-vin-effervescent/vins-petillants-et-effervescents/clairette-de-die/c-9355510	
blanquette-de-limoux	Blanquette de Limoux	1	-	|accueil|vin, champagne, alcool|champagne et vin effervescent|vins pétillants et effervescents	https://www.auchan.fr/vin-champagne-alcool/champagne-et-vin-effervescent/vins-petillants-et-effervescents/blanquette-de-limoux/c-9355509	
champagne-d-exception	Champagne d'exception	17	-	|accueil|vin, champagne, alcool|champagne et vin effervescent	https://www.auchan.fr/vin-champagne-alcool/champagne-et-vin-effervescent/champagne-d-exception/c-7378180	
vins-d-espagne	Vins d'Espagne	23	-	|accueil|vin, champagne, alcool|vin|vins du monde	https://www.auchan.fr/vin-champagne-alcool/vin/vins-du-monde/vins-d-espagne/c-9355502	
champagne-millesime	Champagne Millésimé	11	-	|accueil|vin, champagne, alcool|champagne et vin effervescent	https://www.auchan.fr/vin-champagne-alcool/champagne-et-vin-effervescent/champagne-millesime/c-7378178	
champagne-blanc-de-blancs	Champagne Blanc de Blancs	6	-	|accueil|vin, champagne, alcool|champagne et vin effervescent	https://www.auchan.fr/vin-champagne-alcool/champagne-et-vin-effervescent/champagne-blanc-de-blancs/c-7378177	
champagne-rose	Champagne Rosé	29	-	|accueil|vin, champagne, alcool|champagne et vin effervescent	https://www.auchan.fr/vin-champagne-alcool/champagne-et-vin-effervescent/champagne-rose/c-7378175	
champagne-brut-et-demi-sec	Champagne Brut et Demi Sec	127	-	|accueil|vin, champagne, alcool|champagne et vin effervescent	https://www.auchan.fr/vin-champagne-alcool/champagne-et-vin-effervescent/champagne-brut-et-demi-sec/c-7378173	
champagne-de-marque	Champagne de marque	54	-	|accueil|vin, champagne, alcool|champagne et vin effervescent	https://www.auchan.fr/vin-champagne-alcool/champagne-et-vin-effervescent/champagne-de-marque/c-10092105	
canard-duchene	Canard Duchène	1	-	|accueil|vin, champagne, alcool|champagne et vin effervescent|champagne de marque	https://www.auchan.fr/vin-champagne-alcool/champagne-et-vin-effervescent/champagne-de-marque/canard-duchene/c-170320171401	
veuve-clicquot	Champagne Veuve Clicquot	5	-	|accueil|vin, champagne, alcool|champagne et vin effervescent|champagne de marque	https://www.auchan.fr/vin-champagne-alcool/champagne-et-vin-effervescent/champagne-de-marque/veuve-clicquot/c-10092127	
taittinger	Champagne Taittinger	3	-	|accueil|vin, champagne, alcool|champagne et vin effervescent|champagne de marque	https://www.auchan.fr/vin-champagne-alcool/champagne-et-vin-effervescent/champagne-de-marque/taittinger/c-10092126	
roederer	Champagne Roederer	2	-	|accueil|vin, champagne, alcool|champagne et vin effervescent|champagne de marque	https://www.auchan.fr/vin-champagne-alcool/champagne-et-vin-effervescent/champagne-de-marque/roederer/c-10092125	
ruinart	Champagne Ruinart	4	-	|accueil|vin, champagne, alcool|champagne et vin effervescent|champagne de marque	https://www.auchan.fr/vin-champagne-alcool/champagne-et-vin-effervescent/champagne-de-marque/ruinart/c-10092124	
pommery	Champagne Pommery	3	-	|accueil|vin, champagne, alcool|champagne et vin effervescent|champagne de marque	https://www.auchan.fr/vin-champagne-alcool/champagne-et-vin-effervescent/champagne-de-marque/pommery/c-10092123	
perrier-jouet	Champagne Perrier-Jouët	1	-	|accueil|vin, champagne, alcool|champagne et vin effervescent|champagne de marque	https://www.auchan.fr/vin-champagne-alcool/champagne-et-vin-effervescent/champagne-de-marque/perrier-jouet/c-10092122	
mumm	Champagne Mumm	4	-	|accueil|vin, champagne, alcool|champagne et vin effervescent|champagne de marque	https://www.auchan.fr/vin-champagne-alcool/champagne-et-vin-effervescent/champagne-de-marque/mumm/c-10092121	
moet-et-chandon	Champagne Moët et Chandon	1	-	|accueil|vin, champagne, alcool|champagne et vin effervescent|champagne de marque	https://www.auchan.fr/vin-champagne-alcool/champagne-et-vin-effervescent/champagne-de-marque/moet-et-chandon/c-10092120	
laurent-perrier	Champagne Laurent-Perrier	4	-	|accueil|vin, champagne, alcool|champagne et vin effervescent|champagne de marque	https://www.auchan.fr/vin-champagne-alcool/champagne-et-vin-effervescent/champagne-de-marque/laurent-perrier/c-10092118	
krug	Champagne Krug	1	-	|accueil|vin, champagne, alcool|champagne et vin effervescent|champagne de marque	https://www.auchan.fr/vin-champagne-alcool/champagne-et-vin-effervescent/champagne-de-marque/krug/c-10092117	
gosset	Champagne Gosset	4	-	|accueil|vin, champagne, alcool|champagne et vin effervescent|champagne de marque	https://www.auchan.fr/vin-champagne-alcool/champagne-et-vin-effervescent/champagne-de-marque/gosset/c-10092116	
domaine-de-l-a	Domaine de l'A	1	-	|accueil|vin, champagne, alcool|vin|vins de bordeaux|castillon côtes de bordeaux	https://www.auchan.fr/vin-champagne-alcool/vin/vins-de-bordeaux/castillon-cotes-de-bordeaux/domaine-de-l-a/c-10280314	
castillon-cotes-de-bordeaux	Castillon Côtes de Bordeaux	7	-	|accueil|vin, champagne, alcool|vin|vins de bordeaux	https://www.auchan.fr/vin-champagne-alcool/vin/vins-de-bordeaux/castillon-cotes-de-bordeaux/c-9355280	
dom-perignon	Champagne Dom Pérignon	2	-	|accueil|vin, champagne, alcool|champagne et vin effervescent|champagne de marque	https://www.auchan.fr/vin-champagne-alcool/champagne-et-vin-effervescent/champagne-de-marque/dom-perignon/c-10092114	
deutz	Champagne Deutz	3	-	|accueil|vin, champagne, alcool|champagne et vin effervescent|champagne de marque	https://www.auchan.fr/vin-champagne-alcool/champagne-et-vin-effervescent/champagne-de-marque/deutz/c-10092113	
bollinger	Champagne Bollinger	6	-	|accueil|vin, champagne, alcool|champagne et vin effervescent|champagne de marque	https://www.auchan.fr/vin-champagne-alcool/champagne-et-vin-effervescent/champagne-de-marque/bollinger/c-10092112	
billecart-salmon	Champagne Billecart-Salmon	5	-	|accueil|vin, champagne, alcool|champagne et vin effervescent|champagne de marque	https://www.auchan.fr/vin-champagne-alcool/champagne-et-vin-effervescent/champagne-de-marque/billecart-salmon/c-10092111	
baron-fuente	Baron-Fuenté	5	-	|accueil|vin, champagne, alcool|champagne et vin effervescent|champagne de marque	https://www.auchan.fr/vin-champagne-alcool/champagne-et-vin-effervescent/champagne-de-marque/baron-fuente/c-0812201610	
sauternes	Sauternes	17	-	|accueil|vin, champagne, alcool|vin|vins de bordeaux	https://www.auchan.fr/vin-champagne-alcool/vin/vins-de-bordeaux/sauternes/c-9355305	
sainte-croix-du-mont	Sainte Croix du Mont	2	-	|accueil|vin, champagne, alcool|vin|vins de bordeaux	https://www.auchan.fr/vin-champagne-alcool/vin/vins-de-bordeaux/sainte-croix-du-mont/c-9355304	
saint-julien	Saint Julien	9	-	|accueil|vin, champagne, alcool|vin|vins de bordeaux	https://www.auchan.fr/vin-champagne-alcool/vin/vins-de-bordeaux/saint-julien/c-9355303	
saint-georges-saint-emilion	Saint Georges Saint-Emilion	2	-	|accueil|vin, champagne, alcool|vin|vins de bordeaux	https://www.auchan.fr/vin-champagne-alcool/vin/vins-de-bordeaux/saint-georges-saint-emilion/c-9355302	
saint-estephe	Saint Estèphe	13	-	|accueil|vin, champagne, alcool|vin|vins de bordeaux	https://www.auchan.fr/vin-champagne-alcool/vin/vins-de-bordeaux/saint-estephe/c-9355301	
saint-emilion	Saint-Emilion	26	-	|accueil|vin, champagne, alcool|vin|vins de bordeaux	https://www.auchan.fr/vin-champagne-alcool/vin/vins-de-bordeaux/saint-emilion/c-9355300	
puisseguin-saint-emilion	Puisseguin Saint-Emilion	1	-	|accueil|vin, champagne, alcool|vin|vins de bordeaux	https://www.auchan.fr/vin-champagne-alcool/vin/vins-de-bordeaux/puisseguin-saint-emilion/c-9355299	
pomerol	Pomerol	14	-	|accueil|vin, champagne, alcool|vin|vins de bordeaux	https://www.auchan.fr/vin-champagne-alcool/vin/vins-de-bordeaux/pomerol/c-9355298	
pessac-leognan	Pessac-Léognan	15	-	|accueil|vin, champagne, alcool|vin|vins de bordeaux	https://www.auchan.fr/vin-champagne-alcool/vin/vins-de-bordeaux/pessac-leognan/c-9355297	
pauillac	Pauillac	18	-	|accueil|vin, champagne, alcool|vin|vins de bordeaux	https://www.auchan.fr/vin-champagne-alcool/vin/vins-de-bordeaux/pauillac/c-9355296	
autres-chateaux	Autres châteaux	7	-	|accueil|vin, champagne, alcool|vin|vins de bordeaux|pauillac	https://www.auchan.fr/vin-champagne-alcool/vin/vins-de-bordeaux/pauillac/autres-chateaux/c-10025201	
chateau-pontet-canet	Château Pontet-Canet	2	-	|accueil|vin, champagne, alcool|vin|vins de bordeaux|pauillac	https://www.auchan.fr/vin-champagne-alcool/vin/vins-de-bordeaux/pauillac/chateau-pontet-canet/c-10025218	
chateau-pichon-comtesse	Château Pichon Comtesse	1	-	|accueil|vin, champagne, alcool|vin|vins de bordeaux|pauillac	https://www.auchan.fr/vin-champagne-alcool/vin/vins-de-bordeaux/pauillac/chateau-pichon-comtesse/c-10025216	
chateau-mouton-rothschild	Château Mouton-Rothschild	2	-	|accueil|vin, champagne, alcool|vin|vins de bordeaux|pauillac	https://www.auchan.fr/vin-champagne-alcool/vin/vins-de-bordeaux/pauillac/chateau-mouton-rothschild/c-10025215	
chateau-lafite-rothschild	Château Lafite Rothschild	2	-	|accueil|vin, champagne, alcool|vin|vins de bordeaux|pauillac	https://www.auchan.fr/vin-champagne-alcool/vin/vins-de-bordeaux/pauillac/chateau-lafite-rothschild/c-10025211	
chateau-grand-puy-ducasse	Château Grand-Puy Ducasse	3	-	|accueil|vin, champagne, alcool|vin|vins de bordeaux|pauillac	https://www.auchan.fr/vin-champagne-alcool/vin/vins-de-bordeaux/pauillac/chateau-grand-puy-ducasse/c-10025206	
chateau-duhart-milon	Château Duhart-Milon	1	-	|accueil|vin, champagne, alcool|vin|vins de bordeaux|pauillac	https://www.auchan.fr/vin-champagne-alcool/vin/vins-de-bordeaux/pauillac/chateau-duhart-milon/c-10025205	
chateau-d-armailhac	Château d'Armailhac	1	-	|accueil|vin, champagne, alcool|vin|vins de bordeaux|pauillac	https://www.auchan.fr/vin-champagne-alcool/vin/vins-de-bordeaux/pauillac/chateau-d-armailhac/c-10025202	
autres-chateaux	Autres châteaux	7	-	|accueil|vin, champagne, alcool|vin|vins de bordeaux|pessac-léognan	https://www.auchan.fr/vin-champagne-alcool/vin/vins-de-bordeaux/pessac-leognan/autres-chateaux/c-10285662	
chateau-pape-clement	Château Pape-Clément	3	-	|accueil|vin, champagne, alcool|vin|vins de bordeaux|pessac-léognan	https://www.auchan.fr/vin-champagne-alcool/vin/vins-de-bordeaux/pessac-leognan/chateau-pape-clement/c-10285677	
chateau-haut-brion	Château Haut-Brion	2	-	|accueil|vin, champagne, alcool|vin|vins de bordeaux|pessac-léognan	https://www.auchan.fr/vin-champagne-alcool/vin/vins-de-bordeaux/pessac-leognan/chateau-haut-brion/c-10285670	
chateau-de-fieuzal	Château de Fieuzal	2	-	|accueil|vin, champagne, alcool|vin|vins de bordeaux|pessac-léognan	https://www.auchan.fr/vin-champagne-alcool/vin/vins-de-bordeaux/pessac-leognan/chateau-de-fieuzal/c-10285667	
chateau-carbonnieux	Château Carbonnieux	1	-	|accueil|vin, champagne, alcool|vin|vins de bordeaux|pessac-léognan	https://www.auchan.fr/vin-champagne-alcool/vin/vins-de-bordeaux/pessac-leognan/chateau-carbonnieux/c-10285665	
autres-chateaux	Autres châteaux	3	-	|accueil|vin, champagne, alcool|vin|vins de bordeaux|pomerol	https://www.auchan.fr/vin-champagne-alcool/vin/vins-de-bordeaux/pomerol/autres-chateaux/c-10285681	
chateau-montviel	Château Montviel	1	-	|accueil|vin, champagne, alcool|vin|vins de bordeaux|pomerol	https://www.auchan.fr/vin-champagne-alcool/vin/vins-de-bordeaux/pomerol/chateau-montviel/c-10285700	
chateau-mazeyres	Château Mazeyres	1	-	|accueil|vin, champagne, alcool|vin|vins de bordeaux|pomerol	https://www.auchan.fr/vin-champagne-alcool/vin/vins-de-bordeaux/pomerol/chateau-mazeyres/c-10285699	
chateau-le-gay	Château le Gay	2	-	|accueil|vin, champagne, alcool|vin|vins de bordeaux|pomerol	https://www.auchan.fr/vin-champagne-alcool/vin/vins-de-bordeaux/pomerol/chateau-le-gay/c-10285696	
chateau-feytit-clinet	Château Feytit-Clinet	3	-	|accueil|vin, champagne, alcool|vin|vins de bordeaux|pomerol	https://www.auchan.fr/vin-champagne-alcool/vin/vins-de-bordeaux/pomerol/chateau-feytit-clinet/c-10285693	
chateau-l-evangile	Château l'Evangile	1	-	|accueil|vin, champagne, alcool|vin|vins de bordeaux|pomerol	https://www.auchan.fr/vin-champagne-alcool/vin/vins-de-bordeaux/pomerol/chateau-l-evangile/c-10285692	
chateau-clinet	Château Clinet	2	-	|accueil|vin, champagne, alcool|vin|vins de bordeaux|pomerol	https://www.auchan.fr/vin-champagne-alcool/vin/vins-de-bordeaux/pomerol/chateau-clinet/c-10285689	
clos-rene	Clos René	1	-	|accueil|vin, champagne, alcool|vin|vins de bordeaux|pomerol	https://www.auchan.fr/vin-champagne-alcool/vin/vins-de-bordeaux/pomerol/clos-rene/c-10285686	
autres-chateaux	Autres châteaux	3	-	|accueil|vin, champagne, alcool|vin|vins de bordeaux|saint estèphe	https://www.auchan.fr/vin-champagne-alcool/vin/vins-de-bordeaux/saint-estephe/autres-chateaux/c-10320603	
chateau-phelan-segur	Château Phélan Ségur	1	-	|accueil|vin, champagne, alcool|vin|vins de bordeaux|saint estèphe	https://www.auchan.fr/vin-champagne-alcool/vin/vins-de-bordeaux/saint-estephe/chateau-phelan-segur/c-10320616	
chateau-montrose	Château Montrose	4	-	|accueil|vin, champagne, alcool|vin|vins de bordeaux|saint estèphe	https://www.auchan.fr/vin-champagne-alcool/vin/vins-de-bordeaux/saint-estephe/chateau-montrose/c-10320614	
chateau-meyney	Château Meyney	1	-	|accueil|vin, champagne, alcool|vin|vins de bordeaux|saint estèphe	https://www.auchan.fr/vin-champagne-alcool/vin/vins-de-bordeaux/saint-estephe/chateau-meyney/c-10320613	
chateau-lafon-rochet	Château Lafon-Rochet	1	-	|accueil|vin, champagne, alcool|vin|vins de bordeaux|saint estèphe	https://www.auchan.fr/vin-champagne-alcool/vin/vins-de-bordeaux/saint-estephe/chateau-lafon-rochet/c-10320611	
chateau-cos-labory	Château Cos Labory	2	-	|accueil|vin, champagne, alcool|vin|vins de bordeaux|saint estèphe	https://www.auchan.fr/vin-champagne-alcool/vin/vins-de-bordeaux/saint-estephe/chateau-cos-labory/c-10320608	
chateau-calon-segur	Château Calon-Ségur	1	-	|accueil|vin, champagne, alcool|vin|vins de bordeaux|saint estèphe	https://www.auchan.fr/vin-champagne-alcool/vin/vins-de-bordeaux/saint-estephe/chateau-calon-segur/c-10320606	
autres-chateaux	Autres châteaux	4	-	|accueil|vin, champagne, alcool|vin|vins de bordeaux|saint julien	https://www.auchan.fr/vin-champagne-alcool/vin/vins-de-bordeaux/saint-julien/autres-chateaux/c-10422753	
chateau-leoville-las-cases	Château Léoville Las Cases	1	-	|accueil|vin, champagne, alcool|vin|vins de bordeaux|saint julien	https://www.auchan.fr/vin-champagne-alcool/vin/vins-de-bordeaux/saint-julien/chateau-leoville-las-cases/c-10422765	
chateau-lagrange	Château Lagrange	1	-	|accueil|vin, champagne, alcool|vin|vins de bordeaux|saint julien	https://www.auchan.fr/vin-champagne-alcool/vin/vins-de-bordeaux/saint-julien/chateau-lagrange/c-10422761	
chateau-gruaud-larose	Château Gruaud Larose	1	-	|accueil|vin, champagne, alcool|vin|vins de bordeaux|saint julien	https://www.auchan.fr/vin-champagne-alcool/vin/vins-de-bordeaux/saint-julien/chateau-gruaud-larose/c-10422760	
chateau-branaire-ducru	Château Branaire-Ducru	1	-	|accueil|vin, champagne, alcool|vin|vins de bordeaux|saint julien	https://www.auchan.fr/vin-champagne-alcool/vin/vins-de-bordeaux/saint-julien/chateau-branaire-ducru/c-10422757	
chateau-beychevelle	Château Beychevelle	1	-	|accueil|vin, champagne, alcool|vin|vins de bordeaux|saint julien	https://www.auchan.fr/vin-champagne-alcool/vin/vins-de-bordeaux/saint-julien/chateau-beychevelle/c-10422756	
moulis	Moulis	7	-	|accueil|vin, champagne, alcool|vin|vins de bordeaux	https://www.auchan.fr/vin-champagne-alcool/vin/vins-de-bordeaux/moulis/c-9355295	
montagne-saint-emilion	Montagne Saint-Emilion	4	-	|accueil|vin, champagne, alcool|vin|vins de bordeaux	https://www.auchan.fr/vin-champagne-alcool/vin/vins-de-bordeaux/montagne-saint-emilion/c-9355294	
medoc	Médoc	7	-	|accueil|vin, champagne, alcool|vin|vins de bordeaux	https://www.auchan.fr/vin-champagne-alcool/vin/vins-de-bordeaux/medoc/c-9355293	
margaux	Margaux	6	-	|accueil|vin, champagne, alcool|vin|vins de bordeaux	https://www.auchan.fr/vin-champagne-alcool/vin/vins-de-bordeaux/margaux/c-9355292	
lussac-saint-emilion	Lussac Saint-Emilion	4	-	|accueil|vin, champagne, alcool|vin|vins de bordeaux	https://www.auchan.fr/vin-champagne-alcool/vin/vins-de-bordeaux/lussac-saint-emilion/c-9355291	
loupiac	Loupiac	1	-	|accueil|vin, champagne, alcool|vin|vins de bordeaux	https://www.auchan.fr/vin-champagne-alcool/vin/vins-de-bordeaux/loupiac/c-9355290	
lalande-de-pomerol	Lalande de Pomerol	5	-	|accueil|vin, champagne, alcool|vin|vins de bordeaux	https://www.auchan.fr/vin-champagne-alcool/vin/vins-de-bordeaux/lalande-de-pomerol/c-9355288	
haut-medoc-cru-bourgeois	Haut Médoc Cru Bourgeois	3	-	|accueil|vin, champagne, alcool|vin|vins de bordeaux	https://www.auchan.fr/vin-champagne-alcool/vin/vins-de-bordeaux/haut-medoc-cru-bourgeois/c-250720170952	
haut-medoc	Haut-Médoc	13	-	|accueil|vin, champagne, alcool|vin|vins de bordeaux	https://www.auchan.fr/vin-champagne-alcool/vin/vins-de-bordeaux/haut-medoc/c-9355287	
graves-de-vayres	Graves de Vayres	1	-	|accueil|vin, champagne, alcool|vin|vins de bordeaux	https://www.auchan.fr/vin-champagne-alcool/vin/vins-de-bordeaux/graves-de-vayres/c-9355286	
graves	Graves	5	-	|accueil|vin, champagne, alcool|vin|vins de bordeaux	https://www.auchan.fr/vin-champagne-alcool/vin/vins-de-bordeaux/graves/c-9355285	
fronsac	Fronsac	3	-	|accueil|vin, champagne, alcool|vin|vins de bordeaux	https://www.auchan.fr/vin-champagne-alcool/vin/vins-de-bordeaux/fronsac/c-9355284	
entre-deux-mers	Entre Deux Mers	3	-	|accueil|vin, champagne, alcool|vin|vins de bordeaux	https://www.auchan.fr/vin-champagne-alcool/vin/vins-de-bordeaux/entre-deux-mers/c-9355282	
cotes-de-bourg	Côtes de Bourg	10	-	|accueil|vin, champagne, alcool|vin|vins de bordeaux	https://www.auchan.fr/vin-champagne-alcool/vin/vins-de-bordeaux/cotes-de-bourg/c-9355281	
cotes-de-bordeaux	Côtes de Bordeaux	4	-	|accueil|vin, champagne, alcool|vin|vins de bordeaux	https://www.auchan.fr/vin-champagne-alcool/vin/vins-de-bordeaux/cotes-de-bordeaux/c-20160309	
clairet	Clairet	1	-	|accueil|vin, champagne, alcool|vin|vins de bordeaux	https://www.auchan.fr/vin-champagne-alcool/vin/vins-de-bordeaux/clairet/c-260620171148	
autres-chateaux	Autres châteaux	4	-	|accueil|vin, champagne, alcool|vin|vins de bordeaux|castillon côtes de bordeaux	https://www.auchan.fr/vin-champagne-alcool/vin/vins-de-bordeaux/castillon-cotes-de-bordeaux/autres-chateaux/c-10280312	
autres-chateaux	Autres châteaux	8	-	|accueil|vin, champagne, alcool|vin|vins de bordeaux|côtes de bourg	https://www.auchan.fr/vin-champagne-alcool/vin/vins-de-bordeaux/cotes-de-bourg/autres-chateaux/c-10280316	
autres-chateaux	Autres châteaux	2	-	|accueil|vin, champagne, alcool|vin|vins de bordeaux|fronsac	https://www.auchan.fr/vin-champagne-alcool/vin/vins-de-bordeaux/fronsac/autres-chateaux/c-10285709	
autres-chateaux	Autres châteaux	3	-	|accueil|vin, champagne, alcool|vin|vins de bordeaux|haut-médoc	https://www.auchan.fr/vin-champagne-alcool/vin/vins-de-bordeaux/haut-medoc/autres-chateaux/c-10025162	
chateau-la-tour-carnet	Château la Tour Carnet	5	-	|accueil|vin, champagne, alcool|vin|vins de bordeaux|haut-médoc	https://www.auchan.fr/vin-champagne-alcool/vin/vins-de-bordeaux/haut-medoc/chateau-la-tour-carnet/c-10025171	
chateau-sociando-mallet	Château Sociando-Mallet	2	-	|accueil|vin, champagne, alcool|vin|vins de bordeaux|haut-médoc	https://www.auchan.fr/vin-champagne-alcool/vin/vins-de-bordeaux/haut-medoc/chateau-sociando-mallet/c-10025170	
chateau-charmail	Château Charmail	1	-	|accueil|vin, champagne, alcool|vin|vins de bordeaux|haut-médoc	https://www.auchan.fr/vin-champagne-alcool/vin/vins-de-bordeaux/haut-medoc/chateau-charmail/c-10025166	
chateau-cantemerle	Château Cantemerle	2	-	|accueil|vin, champagne, alcool|vin|vins de bordeaux|haut-médoc	https://www.auchan.fr/vin-champagne-alcool/vin/vins-de-bordeaux/haut-medoc/chateau-cantemerle/c-10025164	
chateau-rauzan-gassies	Château Rauzan-Gassies	1	-	|accueil|vin, champagne, alcool|vin|vins de bordeaux|margaux	https://www.auchan.fr/vin-champagne-alcool/vin/vins-de-bordeaux/margaux/chateau-rauzan-gassies/c-10025190	
chateau-margaux	Château Margaux	3	-	|accueil|vin, champagne, alcool|vin|vins de bordeaux|margaux	https://www.auchan.fr/vin-champagne-alcool/vin/vins-de-bordeaux/margaux/chateau-margaux/c-10025189	
chateau-palmer	Château Palmer	1	-	|accueil|vin, champagne, alcool|vin|vins de bordeaux|margaux	https://www.auchan.fr/vin-champagne-alcool/vin/vins-de-bordeaux/margaux/chateau-palmer/c-10025188	
chateau-malescot-saint-exupery	Château Malescot Saint Exupery	1	-	|accueil|vin, champagne, alcool|vin|vins de bordeaux|margaux	https://www.auchan.fr/vin-champagne-alcool/vin/vins-de-bordeaux/margaux/chateau-malescot-saint-exupery/c-10025184	
chateau-d-arsac	Château d'Arsac	1	-	|accueil|vin, champagne, alcool|vin|vins de bordeaux|margaux	https://www.auchan.fr/vin-champagne-alcool/vin/vins-de-bordeaux/margaux/chateau-d-arsac/c-10025174	
autres-chateaux	Autres châteaux	7	-	|accueil|vin, champagne, alcool|vin|vins de bordeaux|médoc	https://www.auchan.fr/vin-champagne-alcool/vin/vins-de-bordeaux/medoc/autres-chateaux/c-10285655	
autres-chateaux	Autres châteaux	3	-	|accueil|vin, champagne, alcool|vin|vins de bordeaux|moulis	https://www.auchan.fr/vin-champagne-alcool/vin/vins-de-bordeaux/moulis/autres-chateaux/c-10025200	
chateau-poujeaux	Château Poujeaux	3	-	|accueil|vin, champagne, alcool|vin|vins de bordeaux|moulis	https://www.auchan.fr/vin-champagne-alcool/vin/vins-de-bordeaux/moulis/chateau-poujeaux/c-10025199	
chateau-brillette	Château Brillette	1	-	|accueil|vin, champagne, alcool|vin|vins de bordeaux|moulis	https://www.auchan.fr/vin-champagne-alcool/vin/vins-de-bordeaux/moulis/chateau-brillette/c-10025196	
chateau-joanin-becot	Château Joanin-Bécot	1	-	|accueil|vin, champagne, alcool|vin|vins de bordeaux|castillon côtes de bordeaux	https://www.auchan.fr/vin-champagne-alcool/vin/vins-de-bordeaux/castillon-cotes-de-bordeaux/chateau-joanin-becot/c-10280315	
chateau-d-aiguilhe	Château d'Aiguilhe	1	-	|accueil|vin, champagne, alcool|vin|vins de bordeaux|castillon côtes de bordeaux	https://www.auchan.fr/vin-champagne-alcool/vin/vins-de-bordeaux/castillon-cotes-de-bordeaux/chateau-d-aiguilhe/c-10280313	
canon-fronsac	Canon-Fronsac	1	-	|accueil|vin, champagne, alcool|vin|vins de bordeaux	https://www.auchan.fr/vin-champagne-alcool/vin/vins-de-bordeaux/canon-fronsac/c-9355279	
cadillac-cotes-de-bordeaux	Cadillac Côtes de Bordeaux	2	-	|accueil|vin, champagne, alcool|vin|vins de bordeaux	https://www.auchan.fr/vin-champagne-alcool/vin/vins-de-bordeaux/cadillac-cotes-de-bordeaux/c-9355278	
bordeaux-superieur	Bordeaux Supérieur	11	-	|accueil|vin, champagne, alcool|vin|vins de bordeaux	https://www.auchan.fr/vin-champagne-alcool/vin/vins-de-bordeaux/bordeaux-superieur/c-9355277	
bordeaux	Bordeaux	42	-	|accueil|vin, champagne, alcool|vin|vins de bordeaux	https://www.auchan.fr/vin-champagne-alcool/vin/vins-de-bordeaux/bordeaux/c-9355276	
blaye-cotes-de-bordeaux	Blaye Côtes de Bordeaux	12	-	|accueil|vin, champagne, alcool|vin|vins de bordeaux	https://www.auchan.fr/vin-champagne-alcool/vin/vins-de-bordeaux/blaye-cotes-de-bordeaux/c-9355275	
barsac	Barsac	1	-	|accueil|vin, champagne, alcool|vin|vins de bordeaux	https://www.auchan.fr/vin-champagne-alcool/vin/vins-de-bordeaux/barsac/c-070316	
divers-vins-du-monde	Divers vins du monde	4	-	|accueil|vin, champagne, alcool|vin|vins du monde	https://www.auchan.fr/vin-champagne-alcool/vin/vins-du-monde/divers-vins-du-monde/c-201709221503	
vins-du-portugal	Vins du Portugal	4	-	|accueil|vin, champagne, alcool|vin|vins du monde	https://www.auchan.fr/vin-champagne-alcool/vin/vins-du-monde/vins-du-portugal/c-9355507	
vins-du-maroc	Vins du Maroc	1	-	|accueil|vin, champagne, alcool|vin|vins du monde	https://www.auchan.fr/vin-champagne-alcool/vin/vins-du-monde/vins-du-maroc/c-270820151	
vin-du-maghreb	Vin du Maghreb	4	-	|accueil|vin, champagne, alcool|vin|vins du monde	https://www.auchan.fr/vin-champagne-alcool/vin/vins-du-monde/vin-du-maghreb/c-050420171034	
vins-du-chili	Vins du Chili	13	-	|accueil|vin, champagne, alcool|vin|vins du monde	https://www.auchan.fr/vin-champagne-alcool/vin/vins-du-monde/vins-du-chili/c-9355500	
vins-des-etats-unis	Vins des Etats-Unis	10	-	|accueil|vin, champagne, alcool|vin|vins du monde	https://www.auchan.fr/vin-champagne-alcool/vin/vins-du-monde/vins-des-etats-unis/c-9355501	
vins-de-nouvelle-zelande	Vins de Nouvelle Zélande	4	-	|accueil|vin, champagne, alcool|vin|vins du monde	https://www.auchan.fr/vin-champagne-alcool/vin/vins-du-monde/vins-de-nouvelle-zelande/c-9355506	
vins-de-hongrie	Vins de Hongrie	2	-	|accueil|vin, champagne, alcool|vin|vins du monde	https://www.auchan.fr/vin-champagne-alcool/vin/vins-du-monde/vins-de-hongrie/c-9732612	
vins-d-uruguay	Vins d'Uruguay	1	-	|accueil|vin, champagne, alcool|vin|vins du monde	https://www.auchan.fr/vin-champagne-alcool/vin/vins-du-monde/vins-d-uruguay/c-08032011148	
vins-d-italie	Vins d'Italie	39	-	|accueil|vin, champagne, alcool|vin|vins du monde	https://www.auchan.fr/vin-champagne-alcool/vin/vins-du-monde/vins-d-italie/c-9355503	
vins-d-australie	Vins d'Australie	6	-	|accueil|vin, champagne, alcool|vin|vins du monde	https://www.auchan.fr/vin-champagne-alcool/vin/vins-du-monde/vins-d-australie/c-9355498	
vins-d-argentine	Vins d'Argentine	9	-	|accueil|vin, champagne, alcool|vin|vins du monde	https://www.auchan.fr/vin-champagne-alcool/vin/vins-du-monde/vins-d-argentine/c-9355497	
vins-d-afrique-du-sud	Vins d'Afrique du Sud	14	-	|accueil|vin, champagne, alcool|vin|vins du monde	https://www.auchan.fr/vin-champagne-alcool/vin/vins-du-monde/vins-d-afrique-du-sud/c-9355496	
alsace-riesling	Alsace Riesling	5	-	|accueil|vin, champagne, alcool|vin|vins d'alsace	https://www.auchan.fr/vin-champagne-alcool/vin/vins-d-alsace/alsace-riesling/c-9355273	
alsace-sylvaner	Alsace Sylvaner	1	-	|accueil|vin, champagne, alcool|vin|vins d'alsace	https://www.auchan.fr/vin-champagne-alcool/vin/vins-d-alsace/alsace-sylvaner/c-9355274	
alsace-pinot-noir	Alsace Pinot Noir	4	-	|accueil|vin, champagne, alcool|vin|vins d'alsace	https://www.auchan.fr/vin-champagne-alcool/vin/vins-d-alsace/alsace-pinot-noir/c-9355272	
alsace-pinot-blanc	Alsace Pinot Blanc	5	-	|accueil|vin, champagne, alcool|vin|vins d'alsace	https://www.auchan.fr/vin-champagne-alcool/vin/vins-d-alsace/alsace-pinot-blanc/c-9355270	
alsace-pinot-gris	Alsace Pinot Gris	9	-	|accueil|vin, champagne, alcool|vin|vins d'alsace	https://www.auchan.fr/vin-champagne-alcool/vin/vins-d-alsace/alsace-pinot-gris/c-9355271	
alsace-gewurztraminer	Alsace Gewurztraminer	5	-	|accueil|vin, champagne, alcool|vin|vins d'alsace	https://www.auchan.fr/vin-champagne-alcool/vin/vins-d-alsace/alsace-gewurztraminer/c-9355268	
alsace-muscat	Alsace Muscat	2	-	|accueil|vin, champagne, alcool|vin|vins d'alsace	https://www.auchan.fr/vin-champagne-alcool/vin/vins-d-alsace/alsace-muscat/c-9355269	
alsace	Alsace	4	-	|accueil|vin, champagne, alcool|vin|vins d'alsace	https://www.auchan.fr/vin-champagne-alcool/vin/vins-d-alsace/alsace/c-9355267	
cotes-du-rhone-villages	Côtes du Rhône Villages	10	-	|accueil|vin, champagne, alcool|vin|vins du rhône	https://www.auchan.fr/vin-champagne-alcool/vin/vins-du-rhone/cotes-du-rhone-villages/c-9355482	
aoc-du-midi-de-la-france	AOC du Midi de la France	1	-	|accueil|vin, champagne, alcool|vin|vins du languedoc-roussillon	https://www.auchan.fr/vin-champagne-alcool/vin/vins-du-languedoc-roussillon/aoc-du-midi-de-la-france/c-050420171118	
igp	IGP	5	-	|accueil|vin, champagne, alcool|vin|vins du languedoc-roussillon	https://www.auchan.fr/vin-champagne-alcool/vin/vins-du-languedoc-roussillon/igp/c-23022016	
vins-de-pays-de-l-herault	Vins de Pays de l'Hérault	1	-	|accueil|vin, champagne, alcool|vin|vins du languedoc-roussillon	https://www.auchan.fr/vin-champagne-alcool/vin/vins-du-languedoc-roussillon/vins-de-pays-de-l-herault/c-10736356	
vin-de-pays-d-oc	Vin de Pays d'Oc	1	-	|accueil|vin, champagne, alcool|vin|vins du languedoc-roussillon	https://www.auchan.fr/vin-champagne-alcool/vin/vins-du-languedoc-roussillon/vin-de-pays-d-oc/c-9355406	
saint-chinian	Saint Chinian	1	-	|accueil|vin, champagne, alcool|vin|vins du languedoc-roussillon	https://www.auchan.fr/vin-champagne-alcool/vin/vins-du-languedoc-roussillon/saint-chinian/c-9355403	
rivesaltes	Rivesaltes	10	-	|accueil|vin, champagne, alcool|vin|vins du languedoc-roussillon	https://www.auchan.fr/vin-champagne-alcool/vin/vins-du-languedoc-roussillon/rivesaltes/c-9355402	
picpoul-de-pinet	Picpoul De Pinet	1	-	|accueil|vin, champagne, alcool|vin|vins du languedoc-roussillon	https://www.auchan.fr/vin-champagne-alcool/vin/vins-du-languedoc-roussillon/picpoul-de-pinet/c-230220161	
muscat-de-rivesaltes	Muscat de Rivesaltes	1	-	|accueil|vin, champagne, alcool|vin|vins du languedoc-roussillon	https://www.auchan.fr/vin-champagne-alcool/vin/vins-du-languedoc-roussillon/muscat-de-rivesaltes/c-9355400	
muscadet-sevre-et-maine	Muscadet Sèvre et Maine	3	-	|accueil|vin, champagne, alcool|vin|vins du languedoc-roussillon	https://www.auchan.fr/vin-champagne-alcool/vin/vins-du-languedoc-roussillon/muscadet-sevre-et-maine/c-170320171320	
muscade-coteaux-de-la-loire	Muscade Côteaux De La Loire	1	-	|accueil|vin, champagne, alcool|vin|vins du languedoc-roussillon	https://www.auchan.fr/vin-champagne-alcool/vin/vins-du-languedoc-roussillon/muscade-coteaux-de-la-loire/c-250720171137	
minervois	Minervois	4	-	|accueil|vin, champagne, alcool|vin|vins du languedoc-roussillon	https://www.auchan.fr/vin-champagne-alcool/vin/vins-du-languedoc-roussillon/minervois/c-9355398	
maury	Maury	1	-	|accueil|vin, champagne, alcool|vin|vins du languedoc-roussillon	https://www.auchan.fr/vin-champagne-alcool/vin/vins-du-languedoc-roussillon/maury/c-9355397	
languedoc	Languedoc	8	-	|accueil|vin, champagne, alcool|vin|vins du languedoc-roussillon	https://www.auchan.fr/vin-champagne-alcool/vin/vins-du-languedoc-roussillon/languedoc/c-9355395	
ventoux	Ventoux	1	-	|accueil|vin, champagne, alcool|vin|vins du rhône	https://www.auchan.fr/vin-champagne-alcool/vin/vins-du-rhone/ventoux/c-9355495	
vacqueyras	Vacqueyras	1	-	|accueil|vin, champagne, alcool|vin|vins du rhône	https://www.auchan.fr/vin-champagne-alcool/vin/vins-du-rhone/vacqueyras/c-9355494	
tavel	Tavel	2	-	|accueil|vin, champagne, alcool|vin|vins du rhône	https://www.auchan.fr/vin-champagne-alcool/vin/vins-du-rhone/tavel/c-9355492	
saint-peray	Saint-Péray	1	-	|accueil|vin, champagne, alcool|vin|vins du rhône	https://www.auchan.fr/vin-champagne-alcool/vin/vins-du-rhone/saint-peray/c-9355491	
saint-joseph	Saint-Joseph	3	-	|accueil|vin, champagne, alcool|vin|vins du rhône	https://www.auchan.fr/vin-champagne-alcool/vin/vins-du-rhone/saint-joseph/c-9355490	
hermitage	Hermitage	2	-	|accueil|vin, champagne, alcool|vin|vins du rhône	https://www.auchan.fr/vin-champagne-alcool/vin/vins-du-rhone/hermitage/c-9355488	
luberon	Luberon	1	-	|accueil|vin, champagne, alcool|vin|vins du rhône	https://www.auchan.fr/vin-champagne-alcool/vin/vins-du-rhone/luberon/c-09032016	
lirac	Lirac	2	-	|accueil|vin, champagne, alcool|vin|vins du rhône	https://www.auchan.fr/vin-champagne-alcool/vin/vins-du-rhone/lirac/c-9355486	
gigondas	Gigondas	1	-	|accueil|vin, champagne, alcool|vin|vins du rhône	https://www.auchan.fr/vin-champagne-alcool/vin/vins-du-rhone/gigondas/c-9355484	
crozes-hermitage	Crozes-Hermitage	8	-	|accueil|vin, champagne, alcool|vin|vins du rhône	https://www.auchan.fr/vin-champagne-alcool/vin/vins-du-rhone/crozes-hermitage/c-9355483	
cotes-du-rhone	Côtes du Rhône	24	-	|accueil|vin, champagne, alcool|vin|vins du rhône	https://www.auchan.fr/vin-champagne-alcool/vin/vins-du-rhone/cotes-du-rhone/c-9355481	
cote-rotie	Côte-Rôtie	2	-	|accueil|vin, champagne, alcool|vin|vins du rhône	https://www.auchan.fr/vin-champagne-alcool/vin/vins-du-rhone/cote-rotie/c-9355478	
cornas	Cornas	1	-	|accueil|vin, champagne, alcool|vin|vins du rhône	https://www.auchan.fr/vin-champagne-alcool/vin/vins-du-rhone/cornas/c-9355476	
condrieu	Condrieu	1	-	|accueil|vin, champagne, alcool|vin|vins du rhône	https://www.auchan.fr/vin-champagne-alcool/vin/vins-du-rhone/condrieu/c-9355475	
chateauneuf-du-pape	Châteauneuf du Pape	9	-	|accueil|vin, champagne, alcool|vin|vins du rhône	https://www.auchan.fr/vin-champagne-alcool/vin/vins-du-rhone/chateauneuf-du-pape/c-9355474	
faugeres	Faugères	2	-	|accueil|vin, champagne, alcool|vin|vins du languedoc-roussillon	https://www.auchan.fr/vin-champagne-alcool/vin/vins-du-languedoc-roussillon/faugeres/c-9355393	
cotes-du-roussillon	Côtes du Roussillon	3	-	|accueil|vin, champagne, alcool|vin|vins du languedoc-roussillon	https://www.auchan.fr/vin-champagne-alcool/vin/vins-du-languedoc-roussillon/cotes-du-roussillon/c-9355391	
ventoux	Ventoux	1	-	|accueil|vin, champagne, alcool|vin|vins de provence et corse	https://www.auchan.fr/vin-champagne-alcool/vin/vins-de-provence-et-corse/ventoux/c-090903	
tavel	Tavel	1	-	|accueil|vin, champagne, alcool|vin|vins de provence et corse	https://www.auchan.fr/vin-champagne-alcool/vin/vins-de-provence-et-corse/tavel/c-0903161	
igp	IGP	3	-	|accueil|vin, champagne, alcool|vin|vins de provence et corse	https://www.auchan.fr/vin-champagne-alcool/vin/vins-de-provence-et-corse/igp/c-230216	
vins-de-pays-de-mediterranee	Vins de Pays de Méditerranée	1	-	|accueil|vin, champagne, alcool|vin|vins de provence et corse	https://www.auchan.fr/vin-champagne-alcool/vin/vins-de-provence-et-corse/vins-de-pays-de-mediterranee/c-9355451	
pierrevert	Pierrevert	1	-	|accueil|vin, champagne, alcool|vin|vins de provence et corse	https://www.auchan.fr/vin-champagne-alcool/vin/vins-de-provence-et-corse/pierrevert/c-9355449	
cotes-de-provence	Côtes de Provence	21	-	|accueil|vin, champagne, alcool|vin|vins de provence et corse	https://www.auchan.fr/vin-champagne-alcool/vin/vins-de-provence-et-corse/cotes-de-provence/c-9355447	
coteaux-varois	Coteaux Varois	6	-	|accueil|vin, champagne, alcool|vin|vins de provence et corse	https://www.auchan.fr/vin-champagne-alcool/vin/vins-de-provence-et-corse/coteaux-varois/c-9355446	
coteaux-d-aix-en-provence	Coteaux d'Aix en Provence	4	-	|accueil|vin, champagne, alcool|vin|vins de provence et corse	https://www.auchan.fr/vin-champagne-alcool/vin/vins-de-provence-et-corse/coteaux-d-aix-en-provence/c-9355445	
corse	Corse	8	-	|accueil|vin, champagne, alcool|vin|vins de provence et corse	https://www.auchan.fr/vin-champagne-alcool/vin/vins-de-provence-et-corse/corse/c-9355444	
cassis	Cassis	3	-	|accueil|vin, champagne, alcool|vin|vins de provence et corse	https://www.auchan.fr/vin-champagne-alcool/vin/vins-de-provence-et-corse/cassis/c-9355443	
bandol	Bandol	2	-	|accueil|vin, champagne, alcool|vin|vins de provence et corse	https://www.auchan.fr/vin-champagne-alcool/vin/vins-de-provence-et-corse/bandol/c-9355442	
cote-de-thau	Côte de Thau	1	-	|accueil|vin, champagne, alcool|vin|vins du languedoc-roussillon	https://www.auchan.fr/vin-champagne-alcool/vin/vins-du-languedoc-roussillon/cote-de-thau/c-201709221614	
corbieres	Corbières	6	-	|accueil|vin, champagne, alcool|vin|vins du languedoc-roussillon	https://www.auchan.fr/vin-champagne-alcool/vin/vins-du-languedoc-roussillon/corbieres/c-9355389	
bieres	Bières	253	-	|accueil|vin, champagne, alcool	https://www.auchan.fr/vin-champagne-alcool/bieres/c-090320161141	
alcool	Alcools, apéritifs et spiritueux	1334	-	|accueil|vin, champagne, alcool	https://www.auchan.fr/vin-champagne-alcool/alcool/c-201610271531	
champagne-et-vin-effervescent	Champagne et vins effervescents	214	-	|accueil|vin, champagne, alcool	https://www.auchan.fr/vin-champagne-alcool/champagne-et-vin-effervescent/c-7378095	
magnum-demi-bouteille-	Magnum et demi-bouteilles vin et Champagne	6	-	|accueil|vin, champagne, alcool|vin	https://www.auchan.fr/vin-champagne-alcool/vin/magnum-demi-bouteille-/c-7378109	
cubi-et-bag-in-box	Cubi et Bag in box	3	-	|accueil|vin, champagne, alcool|vin	https://www.auchan.fr/vin-champagne-alcool/vin/cubi-et-bag-in-box/c-09032016957	
vins-doux-naturels	Vins doux naturels	10	-	|accueil|vin, champagne, alcool|vin	https://www.auchan.fr/vin-champagne-alcool/vin/vins-doux-naturels/c-090320161514	
vins-notes-dans-les-guides	Vins notés dans les Guides	68	-	|accueil|vin, champagne, alcool|vin	https://www.auchan.fr/vin-champagne-alcool/vin/vins-notes-dans-les-guides/c-9984006	
vins-i-g-p	Vins I.G.P	7	-	|accueil|vin, champagne, alcool|vin	https://www.auchan.fr/vin-champagne-alcool/vin/vins-i-g-p/c-010320168	
seconds-vins	Seconds vins	10	-	|accueil|vin, champagne, alcool|vin	https://www.auchan.fr/vin-champagne-alcool/vin/seconds-vins/c-20150603	
grands-vins	Grands Vins	54	-	|accueil|vin, champagne, alcool|vin	https://www.auchan.fr/vin-champagne-alcool/vin/grands-vins/c-250120161	
vins-du-beaujolais	Vins du Beaujolais	14	-	|accueil|vin, champagne, alcool|vin	https://www.auchan.fr/vin-champagne-alcool/vin/vins-du-beaujolais/c-9355257	
vins-du-sud-ouest	Vins du Sud-Ouest	26	-	|accueil|vin, champagne, alcool|vin	https://www.auchan.fr/vin-champagne-alcool/vin/vins-du-sud-ouest/c-9355262	
vins-de-jura-et-savoie	Vins de Jura et Savoie	3	-	|accueil|vin, champagne, alcool|vin	https://www.auchan.fr/vin-champagne-alcool/vin/vins-de-jura-et-savoie/c-9355258	
vins-du-monde	Vins du monde	133	-	|accueil|vin, champagne, alcool|vin	https://www.auchan.fr/vin-champagne-alcool/vin/vins-du-monde/c-9355264	
menetou-salon	Menetou-Salon	2	-	|accueil|vin, champagne, alcool|vin|vins de loire	https://www.auchan.fr/vin-champagne-alcool/vin/vins-de-loire/menetou-salon/c-9355422	
biere-bio	Bière bio	16	-	|accueil|vin, champagne, alcool|bières	https://www.auchan.fr/vin-champagne-alcool/bieres/biere-bio/c-201709251021	
vins-de-provence-et-corse	Vins de Provence et Corse	51	-	|accueil|vin, champagne, alcool|vin	https://www.auchan.fr/vin-champagne-alcool/vin/vins-de-provence-et-corse/c-9355261	
magnum-et-plus-	Magnum et grandes bouteilles	6	-	|accueil|vin, champagne, alcool|vin|magnum, demi-bouteille.....	https://www.auchan.fr/vin-champagne-alcool/vin/magnum-demi-bouteille-/magnum-et-plus-/c-7378205	
selection-gault-millau	Sélection Gault Millau	2	-	|accueil|vin, champagne, alcool|vin|vins notés dans les guides	https://www.auchan.fr/vin-champagne-alcool/vin/vins-notes-dans-les-guides/selection-gault-millau/c-9984020	
selection-guide-hachette	Sélection Guide Hachette	57	-	|accueil|vin, champagne, alcool|vin|vins notés dans les guides	https://www.auchan.fr/vin-champagne-alcool/vin/vins-notes-dans-les-guides/selection-guide-hachette/c-9984018	
vins-du-jura	Vins du Jura	3	-	|accueil|vin, champagne, alcool|vin|vins de jura et savoie	https://www.auchan.fr/vin-champagne-alcool/vin/vins-de-jura-et-savoie/vins-du-jura/c-9355384	
cote-de-nuits-villages	Côte de Nuits Villages	1	-	|accueil|vin, champagne, alcool|vin|vins de bourgogne	https://www.auchan.fr/vin-champagne-alcool/vin/vins-de-bourgogne/cote-de-nuits-villages/c-9355332	
vougeot	Vougeot	1	-	|accueil|vin, champagne, alcool|vin|vins de bourgogne	https://www.auchan.fr/vin-champagne-alcool/vin/vins-de-bourgogne/vougeot/c-9355371	
saint-veran	Saint Véran	1	-	|accueil|vin, champagne, alcool|vin|vins de bourgogne	https://www.auchan.fr/vin-champagne-alcool/vin/vins-de-bourgogne/saint-veran/c-9355365	
saint-aubin	Saint Aubin	1	-	|accueil|vin, champagne, alcool|vin|vins de bourgogne	https://www.auchan.fr/vin-champagne-alcool/vin/vins-de-bourgogne/saint-aubin/c-9355362	
saint-romain	Saint Romain	1	-	|accueil|vin, champagne, alcool|vin|vins de bourgogne	https://www.auchan.fr/vin-champagne-alcool/vin/vins-de-bourgogne/saint-romain/c-9355364	
saint-bris	Saint Bris	1	-	|accueil|vin, champagne, alcool|vin|vins de bourgogne	https://www.auchan.fr/vin-champagne-alcool/vin/vins-de-bourgogne/saint-bris/c-9355363	
volnay	Volnay	4	-	|accueil|vin, champagne, alcool|vin|vins de bourgogne	https://www.auchan.fr/vin-champagne-alcool/vin/vins-de-bourgogne/volnay/c-9355369	
pommard	Pommard	1	-	|accueil|vin, champagne, alcool|vin|vins de bourgogne	https://www.auchan.fr/vin-champagne-alcool/vin/vins-de-bourgogne/pommard/c-9355355	
petit-chablis	Petit Chablis	2	-	|accueil|vin, champagne, alcool|vin|vins de bourgogne	https://www.auchan.fr/vin-champagne-alcool/vin/vins-de-bourgogne/petit-chablis/c-9355354	
pernand-vergelesses	Pernand-Vergelesses	2	-	|accueil|vin, champagne, alcool|vin|vins de bourgogne	https://www.auchan.fr/vin-champagne-alcool/vin/vins-de-bourgogne/pernand-vergelesses/c-9355353	
nuits-saint-georges	Nuits-Saint-Georges	1	-	|accueil|vin, champagne, alcool|vin|vins de bourgogne	https://www.auchan.fr/vin-champagne-alcool/vin/vins-de-bourgogne/nuits-saint-georges/c-9355352	
meursault	Meursault	2	-	|accueil|vin, champagne, alcool|vin|vins de bourgogne	https://www.auchan.fr/vin-champagne-alcool/vin/vins-de-bourgogne/meursault/c-9355348	
montagny	Montagny	1	-	|accueil|vin, champagne, alcool|vin|vins de bourgogne	https://www.auchan.fr/vin-champagne-alcool/vin/vins-de-bourgogne/montagny/c-9355349	
marsannay	Marsannay	1	-	|accueil|vin, champagne, alcool|vin|vins de bourgogne	https://www.auchan.fr/vin-champagne-alcool/vin/vins-de-bourgogne/marsannay/c-9355345	
maranges	Maranges	1	-	|accueil|vin, champagne, alcool|vin|vins de bourgogne	https://www.auchan.fr/vin-champagne-alcool/vin/vins-de-bourgogne/maranges/c-9355344	
macon	Mâcon	2	-	|accueil|vin, champagne, alcool|vin|vins de bourgogne	https://www.auchan.fr/vin-champagne-alcool/vin/vins-de-bourgogne/macon/c-9355343	
julienas	Julienas	1	-	|accueil|vin, champagne, alcool|vin|vins de bourgogne	https://www.auchan.fr/vin-champagne-alcool/vin/vins-de-bourgogne/julienas/c-201709221610	
givry	Givry	1	-	|accueil|vin, champagne, alcool|vin|vins de bourgogne	https://www.auchan.fr/vin-champagne-alcool/vin/vins-de-bourgogne/givry/c-9355337	
chablis	Chablis	2	-	|accueil|vin, champagne, alcool|vin|vins de bourgogne	https://www.auchan.fr/vin-champagne-alcool/vin/vins-de-bourgogne/chablis/c-9355318	
cote-de-beaune	Côte de Beaune	1	-	|accueil|vin, champagne, alcool|vin|vins de bourgogne	https://www.auchan.fr/vin-champagne-alcool/vin/vins-de-bourgogne/cote-de-beaune/c-9355331	
brouilly	Brouilly	1	-	|accueil|vin, champagne, alcool|vin|vins de bourgogne	https://www.auchan.fr/vin-champagne-alcool/vin/vins-de-bourgogne/brouilly/c-210720171428	
coteaux-bourguignons	Coteaux Bourguignons	1	-	|accueil|vin, champagne, alcool|vin|vins de bourgogne	https://www.auchan.fr/vin-champagne-alcool/vin/vins-de-bourgogne/coteaux-bourguignons/c-090316	
bourgogne-pinot-noir	Bourgogne Pinot Noir	1	-	|accueil|vin, champagne, alcool|vin|vins de bourgogne	https://www.auchan.fr/vin-champagne-alcool/vin/vins-de-bourgogne/bourgogne-pinot-noir/c-210720171422	
bourgogne-hautes-cotes-de-nuits	Bourgogne Hautes Côtes de Nuits	2	-	|accueil|vin, champagne, alcool|vin|vins de bourgogne	https://www.auchan.fr/vin-champagne-alcool/vin/vins-de-bourgogne/bourgogne-hautes-cotes-de-nuits/c-9355315	
bourgogne-cote-chalonnaise	Bourgogne Côte Chalonnaise	1	-	|accueil|vin, champagne, alcool|vin|vins de bourgogne	https://www.auchan.fr/vin-champagne-alcool/vin/vins-de-bourgogne/bourgogne-cote-chalonnaise/c-9355313	
bourgogne-chardonnay	Bourgogne Chardonnay	1	-	|accueil|vin, champagne, alcool|vin|vins de bourgogne	https://www.auchan.fr/vin-champagne-alcool/vin/vins-de-bourgogne/bourgogne-chardonnay/c-210720171339	
bourgogne	Bourgogne	4	-	|accueil|vin, champagne, alcool|vin|vins de bourgogne	https://www.auchan.fr/vin-champagne-alcool/vin/vins-de-bourgogne/bourgogne/c-9355311	
bourgogne-aligote	Bourgogne Aligoté	2	-	|accueil|vin, champagne, alcool|vin|vins de bourgogne	https://www.auchan.fr/vin-champagne-alcool/vin/vins-de-bourgogne/bourgogne-aligote/c-9355312	
beaune	Beaune	3	-	|accueil|vin, champagne, alcool|vin|vins de bourgogne	https://www.auchan.fr/vin-champagne-alcool/vin/vins-de-bourgogne/beaune/c-9355309	
auxey-duresses	Auxey-Duresses	2	-	|accueil|vin, champagne, alcool|vin|vins de bourgogne	https://www.auchan.fr/vin-champagne-alcool/vin/vins-de-bourgogne/auxey-duresses/c-9355307	
aloxe-corton	Aloxe-Corton	2	-	|accueil|vin, champagne, alcool|vin|vins de bourgogne	https://www.auchan.fr/vin-champagne-alcool/vin/vins-de-bourgogne/aloxe-corton/c-9355306	
vin-des-cotes-de-gascogne	Vin des Côtes de Gascogne	5	-	|accueil|vin, champagne, alcool|vin|vins du sud-ouest	https://www.auchan.fr/vin-champagne-alcool/vin/vins-du-sud-ouest/vin-des-cotes-de-gascogne/c-9355471	
saint-mont	Saint Mont	1	-	|accueil|vin, champagne, alcool|vin|vins du sud-ouest	https://www.auchan.fr/vin-champagne-alcool/vin/vins-du-sud-ouest/saint-mont/c-9355468	
madiran	Madiran	3	-	|accueil|vin, champagne, alcool|vin|vins du sud-ouest	https://www.auchan.fr/vin-champagne-alcool/vin/vins-du-sud-ouest/madiran/c-9355464	
monbazillac	Monbazillac	1	-	|accueil|vin, champagne, alcool|vin|vins du sud-ouest	https://www.auchan.fr/vin-champagne-alcool/vin/vins-du-sud-ouest/monbazillac/c-9355465	
jurancon	Jurançon	8	-	|accueil|vin, champagne, alcool|vin|vins du sud-ouest	https://www.auchan.fr/vin-champagne-alcool/vin/vins-du-sud-ouest/jurancon/c-9355463	
fronton	Fronton	3	-	|accueil|vin, champagne, alcool|vin|vins du sud-ouest	https://www.auchan.fr/vin-champagne-alcool/vin/vins-du-sud-ouest/fronton/c-9355460	
cotes-de-duras	Côtes de Duras	1	-	|accueil|vin, champagne, alcool|vin|vins du sud-ouest	https://www.auchan.fr/vin-champagne-alcool/vin/vins-du-sud-ouest/cotes-de-duras/c-170316	
cahors	Cahors	1	-	|accueil|vin, champagne, alcool|vin|vins du sud-ouest	https://www.auchan.fr/vin-champagne-alcool/vin/vins-du-sud-ouest/cahors/c-9355456	
bergerac	Bergerac	3	-	|accueil|vin, champagne, alcool|vin|vins du sud-ouest	https://www.auchan.fr/vin-champagne-alcool/vin/vins-du-sud-ouest/bergerac/c-9355453	
saint-amour	Saint-Amour	1	-	|accueil|vin, champagne, alcool|vin|vins du beaujolais	https://www.auchan.fr/vin-champagne-alcool/vin/vins-du-beaujolais/saint-amour/c-9355383	
morgon	Morgon	2	-	|accueil|vin, champagne, alcool|vin|vins du beaujolais	https://www.auchan.fr/vin-champagne-alcool/vin/vins-du-beaujolais/morgon/c-9355380	
macon	Macon	1	-	|accueil|vin, champagne, alcool|vin|vins du beaujolais	https://www.auchan.fr/vin-champagne-alcool/vin/vins-du-beaujolais/macon/c-201709221609	
fleurie	Fleurie	3	-	|accueil|vin, champagne, alcool|vin|vins du beaujolais	https://www.auchan.fr/vin-champagne-alcool/vin/vins-du-beaujolais/fleurie/c-9355378	
chiroubles	Chiroubles	1	-	|accueil|vin, champagne, alcool|vin|vins du beaujolais	https://www.auchan.fr/vin-champagne-alcool/vin/vins-du-beaujolais/chiroubles/c-9355376	
chenas	Chénas	1	-	|accueil|vin, champagne, alcool|vin|vins du beaujolais	https://www.auchan.fr/vin-champagne-alcool/vin/vins-du-beaujolais/chenas/c-9355375	
beaujolais-villages	Beaujolais Villages	1	-	|accueil|vin, champagne, alcool|vin|vins du beaujolais	https://www.auchan.fr/vin-champagne-alcool/vin/vins-du-beaujolais/beaujolais-villages/c-9355373	
beaujolais	Beaujolais	4	-	|accueil|vin, champagne, alcool|vin|vins du beaujolais	https://www.auchan.fr/vin-champagne-alcool/vin/vins-du-beaujolais/beaujolais/c-9355372	
selection-robert-parker	Sélection Robert Parker	25	-	|accueil|vin, champagne, alcool|vin|vins notés dans les guides	https://www.auchan.fr/vin-champagne-alcool/vin/vins-notes-dans-les-guides/selection-robert-parker/c-9984017	
single-malt	Whisky single malt	204	-	|accueil|vin, champagne, alcool|alcool|whisky	https://www.auchan.fr/vin-champagne-alcool/alcool/whisky/single-malt/c-7378190	
rhum-vieux	Rhum vieux	99	-	|accueil|vin, champagne, alcool|alcool|rhum	https://www.auchan.fr/vin-champagne-alcool/alcool/rhum/rhum-vieux/c-250620154	
blended-malt	Whisky blended malt	20	-	|accueil|vin, champagne, alcool|alcool|whisky	https://www.auchan.fr/vin-champagne-alcool/alcool/whisky/blended-malt/c-7378188	
bourbon	Whiskey bourbon	31	-	|accueil|vin, champagne, alcool|alcool|whisky	https://www.auchan.fr/vin-champagne-alcool/alcool/whisky/bourbon/c-7378191	
blended-scotch	Whisky blended scotch	41	-	|accueil|vin, champagne, alcool|alcool|whisky	https://www.auchan.fr/vin-champagne-alcool/alcool/whisky/blended-scotch/c-7378189	
rhum-epices	Rhum épicés	19	-	|accueil|vin, champagne, alcool|alcool|rhum	https://www.auchan.fr/vin-champagne-alcool/alcool/rhum/rhum-epices/c-250620153	
rhum-ambre	Rhum ambré	93	-	|accueil|vin, champagne, alcool|alcool|rhum	https://www.auchan.fr/vin-champagne-alcool/alcool/rhum/rhum-ambre/c-250620151	
rhum-blanc	Rhum blanc	25	-	|accueil|vin, champagne, alcool|alcool|rhum	https://www.auchan.fr/vin-champagne-alcool/alcool/rhum/rhum-blanc/c-250620152	
cachaca	Cachaça	4	-	|accueil|vin, champagne, alcool|alcool|rhum	https://www.auchan.fr/vin-champagne-alcool/alcool/rhum/cachaca/c-220216	
autre-whisky	Whisky divers	17	-	|accueil|vin, champagne, alcool|alcool|whisky	https://www.auchan.fr/vin-champagne-alcool/alcool/whisky/autre-whisky/c-7378194	
tennessee-whiskey	Tennessee Whiskey	2	-	|accueil|vin, champagne, alcool|alcool|whisky	https://www.auchan.fr/vin-champagne-alcool/alcool/whisky/tennessee-whiskey/c-201703061516	
irish-whiskey	Whisky irlandais	17	-	|accueil|vin, champagne, alcool|alcool|whisky	https://www.auchan.fr/vin-champagne-alcool/alcool/whisky/irish-whiskey/c-7378192	
eau-de-vie	Eau de vie	1	-	|accueil|vin, champagne, alcool|alcool	https://www.auchan.fr/vin-champagne-alcool/alcool/eau-de-vie/c-201610271617	
anise	Pastis et apéritifs anisés	9	-	|accueil|vin, champagne, alcool|alcool	https://www.auchan.fr/vin-champagne-alcool/alcool/anise/c-240220161	
cognac-armagnac-calvados	Cognac, Armagnac, Calvados	486	-	|accueil|vin, champagne, alcool|alcool	https://www.auchan.fr/vin-champagne-alcool/alcool/cognac-armagnac-calvados/c-130120161130	
liqueur	Liqueur	78	-	|accueil|vin, champagne, alcool|alcool	https://www.auchan.fr/vin-champagne-alcool/alcool/liqueur/c-130120161129	
alcool-aperitif	Alcool apéritif	30	-	|accueil|vin, champagne, alcool|alcool	https://www.auchan.fr/vin-champagne-alcool/alcool/alcool-aperitif/c-201606141715	
tequila	Tequila	30	-	|accueil|vin, champagne, alcool|alcool	https://www.auchan.fr/vin-champagne-alcool/alcool/tequila/c-130120161126	
gin	Gin	43	-	|accueil|vin, champagne, alcool|alcool	https://www.auchan.fr/vin-champagne-alcool/alcool/gin/c-130120161127	
vodka	Vodka	101	-	|accueil|vin, champagne, alcool|alcool	https://www.auchan.fr/vin-champagne-alcool/alcool/vodka/c-130120161125	
rhum	Rhum	235	-	|accueil|vin, champagne, alcool|alcool	https://www.auchan.fr/vin-champagne-alcool/alcool/rhum/c-25062015	
whisky	Whisky, Whiskey, Bourbon	321	-	|accueil|vin, champagne, alcool|alcool	https://www.auchan.fr/vin-champagne-alcool/alcool/whisky/c-7378107	
biere-aromatisee-fruitee	Bière aromatisée, fruitée	17	-	|accueil|vin, champagne, alcool|bières	https://www.auchan.fr/vin-champagne-alcool/bieres/biere-aromatisee-fruitee/c-201709251020	
biere-ambree-rousse	Bière ambrée, rousse	69	-	|accueil|vin, champagne, alcool|bières	https://www.auchan.fr/vin-champagne-alcool/bieres/biere-ambree-rousse/c-201709251019	
biere-blonde	Bière blonde	97	-	|accueil|vin, champagne, alcool|bières	https://www.auchan.fr/vin-champagne-alcool/bieres/biere-blonde/c-201709251016	
biere-blanche-rosee	Bière blanche, rosée	15	-	|accueil|vin, champagne, alcool|bières	https://www.auchan.fr/vin-champagne-alcool/bieres/biere-blanche-rosee/c-201709251017	
biere-brune	Bière brune	42	-	|accueil|vin, champagne, alcool|bières	https://www.auchan.fr/vin-champagne-alcool/bieres/biere-brune/c-201709251018	
biere-en-fut	Bière en fût	2	-	|accueil|vin, champagne, alcool|bières	https://www.auchan.fr/vin-champagne-alcool/bieres/biere-en-fut/c-2101020162	
haut-poitou	Haut-Poitou	2	-	|accueil|vin, champagne, alcool|vin|vins de loire	https://www.auchan.fr/vin-champagne-alcool/vin/vins-de-loire/haut-poitou/c-250720170955	
gros-plant-du-pays-nantais	Gros Plant du Pays Nantais	3	-	|accueil|vin, champagne, alcool|vin|vins de loire	https://www.auchan.fr/vin-champagne-alcool/vin/vins-de-loire/gros-plant-du-pays-nantais/c-9355420	
boisson-spiritueuse-a-base-de-vodka	Boisson Spiritueuse à base de Vodka	1	-	|accueil|vin, champagne, alcool|alcool|vodka	https://www.auchan.fr/vin-champagne-alcool/alcool/vodka/boisson-spiritueuse-a-base-de-vodka/c-040120171145	
fiefs-vendeens	Fiefs Vendéens	1	-	|accueil|vin, champagne, alcool|vin|vins de loire	https://www.auchan.fr/vin-champagne-alcool/vin/vins-de-loire/fiefs-vendeens/c-15031	
coteaux-du-vendomois	Côteaux du Vendômois	1	-	|accueil|vin, champagne, alcool|vin|vins de loire	https://www.auchan.fr/vin-champagne-alcool/vin/vins-de-loire/coteaux-du-vendomois/c-201709221616	
coteaux-du-layon	Côteaux du Layon	1	-	|accueil|vin, champagne, alcool|vin|vins de loire	https://www.auchan.fr/vin-champagne-alcool/vin/vins-de-loire/coteaux-du-layon/c-9355417	
chinon	Chinon	3	-	|accueil|vin, champagne, alcool|vin|vins de loire	https://www.auchan.fr/vin-champagne-alcool/vin/vins-de-loire/chinon/c-9355411	
cabernet-d-anjou	Cabernet d'Anjou	3	-	|accueil|vin, champagne, alcool|vin|vins de loire	https://www.auchan.fr/vin-champagne-alcool/vin/vins-de-loire/cabernet-d-anjou/c-9355413	
chateaumeillant	Châteaumeillant	1	-	|accueil|vin, champagne, alcool|vin|vins de loire	https://www.auchan.fr/vin-champagne-alcool/vin/vins-de-loire/chateaumeillant/c-201709221617	
bonnezeaux	Bonnezeaux	1	-	|accueil|vin, champagne, alcool|vin|vins de loire	https://www.auchan.fr/vin-champagne-alcool/vin/vins-de-loire/bonnezeaux/c-9355408	
bourgueil	Bourgueil	2	-	|accueil|vin, champagne, alcool|vin|vins de loire	https://www.auchan.fr/vin-champagne-alcool/vin/vins-de-loire/bourgueil/c-9355409	
anjou-villages	Anjou - Villages	1	-	|accueil|vin, champagne, alcool|vin|vins de loire	https://www.auchan.fr/vin-champagne-alcool/vin/vins-de-loire/anjou-villages/c-200720171429	
anjou	Anjou	3	-	|accueil|vin, champagne, alcool|vin|vins de loire	https://www.auchan.fr/vin-champagne-alcool/vin/vins-de-loire/anjou/c-9355407	
vins-du-rhone	Vins du Rhône	68	-	|accueil|vin, champagne, alcool|vin	https://www.auchan.fr/vin-champagne-alcool/vin/vins-du-rhone/c-9355263	
vins-de-bourgogne	Vins de Bourgogne	48	-	|accueil|vin, champagne, alcool|vin	https://www.auchan.fr/vin-champagne-alcool/vin/vins-de-bourgogne/c-9355256	
vins-de-bordeaux	Vins de Bordeaux	266	-	|accueil|vin, champagne, alcool|vin	https://www.auchan.fr/vin-champagne-alcool/vin/vins-de-bordeaux/c-9355253	
vin	Vin	808	-	|accueil|vin, champagne, alcool	https://www.auchan.fr/vin-champagne-alcool/vin/c-7378053	
meilleures-ventes	Meilleures Ventes	75	-	|accueil|vin, champagne, alcool	https://www.auchan.fr/vin-champagne-alcool/meilleures-ventes/c-10945457	
vins-de-loire	Vins de Loire	70	-	|accueil|vin, champagne, alcool|vin	https://www.auchan.fr/vin-champagne-alcool/vin/vins-de-loire/c-9355260	
bonnes-affaires-vin-champagne-alcool	Promos et bonnes affaires vin, Champagne, alcools	286	-	|accueil|vin, champagne, alcool	https://www.auchan.fr/vin-champagne-alcool/bonnes-affaires-vin-champagne-alcool/c-10945458	
bonnes-affaires-alcools	Promos et bonnes affaires alcools	50	-	|accueil|vin, champagne, alcool|bonnes affaires vin, champagne, alcool	https://www.auchan.fr/vin-champagne-alcool/bonnes-affaires-vin-champagne-alcool/bonnes-affaires-alcools/c-280420162	
bonnes-affaires-champagnes	Promos et bonnes affaires Champagne	14	-	|accueil|vin, champagne, alcool|bonnes affaires vin, champagne, alcool	https://www.auchan.fr/vin-champagne-alcool/bonnes-affaires-vin-champagne-alcool/bonnes-affaires-champagnes/c-201610271558	
bonnes-affaires-vins	Promos et bonnes affaires vin	222	-	|accueil|vin, champagne, alcool|bonnes affaires vin, champagne, alcool	https://www.auchan.fr/vin-champagne-alcool/bonnes-affaires-vin-champagne-alcool/bonnes-affaires-vins/c-280420161	
