1742-chateau-beychevelle-2014	gvp	Château Beychevelle 2014				https://grandsvins-prives.com/1742-chateau-beychevelle-2014.html	Vin	   Bordeaux     	Saint-Julien	2014	Rouge		https://grandsvins-prives.com/9453-large_default/chateau-beychevelle-2014.jpg	
3724-merlot-du-chateau-sainte-barbe-2014	gvp	Merlot Du Château Sainte Barbe 2014				https://grandsvins-prives.com/toutes-nos-ventes-privees/3724-merlot-du-chateau-sainte-barbe-2014.html	Vin	    	Bordeaux	2014	Rouge		https://grandsvins-prives.com/9534-large_default/merlot-du-chateau-sainte-barbe-2014.jpg	
2123-marc-parce-banyuls-2014	gvp	Marc Parcé - Banyuls 2014				https://grandsvins-prives.com/2123-marc-parce-banyuls-2014.html	Vin	   Roussillon     	Banyuls	2014	Rouge		https://grandsvins-prives.com/9321-large_default/marc-parce-banyuls-2014.jpg	
2061-chateau-leret-monpezat-2012	gvp	Château Leret Monpezat 2012				https://grandsvins-prives.com/2061-chateau-leret-monpezat-2012.html	Vin	   Sud-Ouest     	Cahors	2012	Rouge		https://grandsvins-prives.com/7682-large_default/chateau-leret-monpezat-2012.jpg	
3725-chateau-sainte-barbe-2012	gvp	Château Sainte Barbe 2012				https://grandsvins-prives.com/toutes-nos-ventes-privees/3725-chateau-sainte-barbe-2012.html	Vin	    	Bordeaux Supérieur	2012	Rouge		https://grandsvins-prives.com/9535-large_default/chateau-sainte-barbe-2012.jpg	
3475-louis-jadot-gevrey-chambertin-2012	gvp	Louis Jadot - Gevrey Chambertin 2012	75 cl	45		https://grandsvins-prives.com/3475-louis-jadot-gevrey-chambertin-2012.html	Vin	   Bourgogne     	Gevrey Chambertin	2012	Rouge		https://grandsvins-prives.com/8940-large_default/louis-jadot-gevrey-chambertin-2012.jpg	
3230-chateau-de-marsannay-rouge-gevrey-chambertin-1er-cru	gvp	Château De Marsannay – Gevrey-Chambertin 1Er Cru 2014	75 cl	38.5		https://grandsvins-prives.com/3230-chateau-de-marsannay-rouge-gevrey-chambertin-1er-cru.html	Vin	   Bourgogne     	Gevrey-Chambertin	2014	Rouge		https://grandsvins-prives.com/8163-large_default/chateau-de-marsannay-rouge-gevrey-chambertin-1er-cru.jpg	
2248-domaine-christian-moreau-pf-chablis-grand-cru-valmur-2013	gvp	Domaine Christian Moreau - Chablis Grand Cru Valmur 2013	75 cl	47		https://grandsvins-prives.com/2248-domaine-christian-moreau-pf-chablis-grand-cru-valmur-2013.html	Vin	   Bourgogne      	Chablis	2013	Blanc		https://grandsvins-prives.com/8906-large_default/domaine-christian-moreau-pf-chablis-grand-cru-valmur-2013.jpg	
2947-maison-trimbach-riesling-cuvee-frederic-emile-2008	gvp	Maison Trimbach - Riesling Cuvée Frédéric Emile 2008	75 cl	44.9	54,00	https://grandsvins-prives.com/2947-maison-trimbach-riesling-cuvee-frederic-emile-2008.html	Vin	       	Alsace	2008	Blanc		https://grandsvins-prives.com/7589-large_default/maison-trimbach-riesling-cuvee-frederic-emile-2008.jpg	
914-domaine-andre-kientzler-gewuerztraminer-lieu-dit-haguenau-2011	gvp	Domaine André Kientzler - Gewurztraminer Lieu-Dit Haguenau 2011	75 cl	12.5	13,50	https://grandsvins-prives.com/914-domaine-andre-kientzler-gewuerztraminer-lieu-dit-haguenau-2011.html	Vin	       	Alsace	2011	Blanc		https://grandsvins-prives.com/7539-large_default/domaine-andre-kientzler-gewuerztraminer-lieu-dit-haguenau-2011.jpg	
3414-pascal-aufranc-julienas-probus-2014	gvp	Pascal Aufranc - Juliénas Probus 2014	75 cl	14.7		https://grandsvins-prives.com/3414-pascal-aufranc-julienas-probus-2014.html	Vin	   Beaujolais     	Juliénas	2014	Rouge		https://grandsvins-prives.com/8648-large_default/pascal-aufranc-julienas-probus-2014.jpg	
2218-maison-j-rijckaert-vigne-des-voises-2011	gvp	Maison J. Rijckaert - Vigne Des Voises 2011	75 cl	16.5		https://grandsvins-prives.com/2218-maison-j-rijckaert-vigne-des-voises-2011.html	Vin	       	Côtes du Jura	2011	Blanc		https://grandsvins-prives.com/9000-large_default/maison-j-rijckaert-vigne-des-voises-2011.jpg	
3639-chateau-de-mercues-cuvee-6666-2015	gvp	Château De Mercuès 2015 - Cuvée 6666	75 cl	31		https://grandsvins-prives.com/3639-chateau-de-mercues-cuvee-6666-2015.html	Vin	   Sud-Ouest     	Cahors	2015	Rouge		https://grandsvins-prives.com/9352-large_default/chateau-de-mercues-cuvee-6666-2015.jpg	
646-alain-brumont-chateau-bouscasse-vieilles-vignes-2006	gvp	Alain Brumont - Château Bouscassé Vieilles Vignes 2006	75 cl	27		https://grandsvins-prives.com/646-alain-brumont-chateau-bouscasse-vieilles-vignes-2006.html	Vin	   Sud-Ouest     	Madiran	2006	Rouge		https://grandsvins-prives.com/8996-large_default/alain-brumont-chateau-bouscasse-vieilles-vignes-2006.jpg	
2237-alain-brumont-chateau-montus-la-tyre-2003	gvp	Alain Brumont - Château Montus La Tyre 2003	75 cl	99		https://grandsvins-prives.com/2237-alain-brumont-chateau-montus-la-tyre-2003.html	Vin	   Sud-Ouest     	Madiran	2003	Rouge		https://grandsvins-prives.com/8997-large_default/alain-brumont-chateau-montus-la-tyre-2003.jpg	
2967-domaine-guirardel-sec-de-prat-2013	gvp	Domaine Guirardel - Sec Dé Prat 2013	75 cl	22		https://grandsvins-prives.com/2967-domaine-guirardel-sec-de-prat-2013.html	Vin	   Sud-Ouest     	Vin de France	2013	Blanc		https://grandsvins-prives.com/9059-large_default/domaine-guirardel-sec-de-prat-2013.jpg	
3590-domaine-de-la-metairie-d-alon-le-palajo-2015-	gvp	Domaine De La Métairie D'Alon - Le Palajo 2015	75 cl	26.9		https://grandsvins-prives.com/3590-domaine-de-la-metairie-d-alon-le-palajo-2015-.html	Vin	       	Limoux	2015	Blanc		https://grandsvins-prives.com/9263-large_default/domaine-de-la-metairie-d-alon-le-palajo-2015-.jpg	
3118-domaine-remoriquet-nuits-saint-georges-1er-cru-les-damodes	gvp	Domaine Remoriquet - Nuits Saint Georges 1Er Cru Les Damodes 2014	75 cl	41.2		https://grandsvins-prives.com/3118-domaine-remoriquet-nuits-saint-georges-1er-cru-les-damodes.html	Vin	   Bourgogne     	Nuits Saint Georges	2014	Rouge		https://grandsvins-prives.com/7880-large_default/domaine-remoriquet-nuits-saint-georges-1er-cru-les-damodes.jpg	
713-louis-michel-fils-chablis-grand-cru-vaudesir-2011	gvp	Louis Michel & Fils - Chablis Grand Cru Vaudesir 2011	75 cl	33		https://grandsvins-prives.com/713-louis-michel-fils-chablis-grand-cru-vaudesir-2011.html	Vin	  Chablis Grand cru Bourgogne     	Chablis Grand Cru	2011	Blanc		https://grandsvins-prives.com/8326-large_default/louis-michel-fils-chablis-grand-cru-vaudesir-2011.jpg	
3393-domaine-saint-andre-de-figuiere-premiere-blanc-2016-	gvp	Domaine Figuière - Première Blanc 2016 Magnum	150 cl	29		https://grandsvins-prives.com/3393-domaine-saint-andre-de-figuiere-premiere-blanc-2016-.html	Vin	        	Côtes de Provence	2016	Blanc		https://grandsvins-prives.com/8567-large_default/domaine-saint-andre-de-figuiere-premiere-blanc-2016-.jpg	
2978-chateau-vannieres-2011	gvp	Château Vannières 2011	75 cl	23.4		https://grandsvins-prives.com/2978-chateau-vannieres-2011.html	Vin	   Provence     	Bandol	2011	Rouge		https://grandsvins-prives.com/7621-large_default/chateau-vannieres-2011.jpg	
3235-chateau-de-meursault-rouge-beaune-1er-cru-cent-vignes-2014	gvp	Château De Meursault – Beaune 1Er Cru Cent-Vignes Rouge 2014	75 cl	38.5		https://grandsvins-prives.com/3235-chateau-de-meursault-rouge-beaune-1er-cru-cent-vignes-2014.html	Vin	   Bourgogne     	Beaune	2014	Rouge		https://grandsvins-prives.com/8159-large_default/chateau-de-meursault-rouge-beaune-1er-cru-cent-vignes-2014.jpg	
3391-domaine-saint-andre-de-figuiere-premiere-rose-2016	gvp	Domaine Figuière - Première Rosé 2016	75 cl	13.9		https://grandsvins-prives.com/3391-domaine-saint-andre-de-figuiere-premiere-rose-2016.html	Vin	   Provence     	Côtes de Provence	2016	Rose		https://grandsvins-prives.com/8569-large_default/domaine-saint-andre-de-figuiere-premiere-rose-2016.jpg	
2831-minuty-m-de-minuty-rouge2015	gvp	Minuty - M De Minuty Rouge 2015	75 cl	14		https://grandsvins-prives.com/2831-minuty-m-de-minuty-rouge2015.html	Vin	       	Côtes de Provence	2015	Rouge		https://grandsvins-prives.com/7382-large_default/minuty-m-de-minuty-rouge2015.jpg	
3397-chateau-de-l-escarelle-cuvee-mes-bastides-2016	gvp	Château De L'Escarelle - Mes Bastides 2014	75 cl	10		https://grandsvins-prives.com/3397-chateau-de-l-escarelle-cuvee-mes-bastides-2016.html	Vin	       	Coteaux Varois en Provence	2014	Rouge		https://grandsvins-prives.com/8591-large_default/chateau-de-l-escarelle-cuvee-mes-bastides-2016.jpg	
2101-domaine-casabianca-rouge-2014	gvp	Domaine Casabianca Rouge 2014				https://grandsvins-prives.com/2101-domaine-casabianca-rouge-2014.html	Vin	       	Corse	2014	Rouge		https://grandsvins-prives.com/5754-large_default/domaine-casabianca-rouge-2014.jpg	
3396-chateau-de-l-escarelle-cuvee-mes-bastides-2016	gvp	Château De L'Escarelle - Mes Bastides Blanc 2016	75 cl	9.5		https://grandsvins-prives.com/3396-chateau-de-l-escarelle-cuvee-mes-bastides-2016.html	Vin	       	Coteaux Varois en Provence	2016	Blanc		https://grandsvins-prives.com/8590-large_default/chateau-de-l-escarelle-cuvee-mes-bastides-2016.jpg	
2822-domaine-saint-andre-de-figuiere-francois-2014	gvp	Domaine Saint André De Figuière - François 2014	75 cl	9.85		https://grandsvins-prives.com/2822-domaine-saint-andre-de-figuiere-francois-2014.html	Vin	       	Côtes de Provence	2014	Rouge		https://grandsvins-prives.com/7373-large_default/domaine-saint-andre-de-figuiere-francois-2014.jpg	
2821-domaine-saint-andre-de-figuiere-le-saint-andre-2015	gvp	Domaine Saint André De Figuière - Le Saint André 2015	75 cl	7.9		https://grandsvins-prives.com/2821-domaine-saint-andre-de-figuiere-le-saint-andre-2015.html	Vin	   Provence     	IGP Var	2015	Rouge		https://grandsvins-prives.com/9173-large_default/domaine-saint-andre-de-figuiere-le-saint-andre-2015.jpg	
2238-alain-brumont-chateau-laroche-brumont-l-eglise-2010	gvp	Alain Brumont - Château Laroche Brumont L'Eglise 2010	75 cl	20		https://grandsvins-prives.com/2238-alain-brumont-chateau-laroche-brumont-l-eglise-2010.html	Vin	   Sud-Ouest     	Madiran	2010	Rouge		https://grandsvins-prives.com/8994-large_default/alain-brumont-chateau-laroche-brumont-l-eglise-2010.jpg	
3591-domaine-de-la-metairie-d-alon-solaire-2015	gvp	Domaine De La Métairie D'Alon - Solaire 2015	75 cl	24.95		https://grandsvins-prives.com/3591-domaine-de-la-metairie-d-alon-solaire-2015.html	Vin	       	Pays d'Oc	2015	Rouge		https://grandsvins-prives.com/9264-large_default/domaine-de-la-metairie-d-alon-solaire-2015.jpg	
3320-chateau-de-la-salade-saint-henri-cuvee-aguirre-2015	gvp	Château De La Salade Saint-Henri - Cuvée Aguirre 2015	75 cl	18		https://grandsvins-prives.com/3320-chateau-de-la-salade-saint-henri-cuvee-aguirre-2015.html	Vin	   Languedoc     	Pic Saint Loup	2015	Rouge		https://grandsvins-prives.com/9519-large_default/chateau-de-la-salade-saint-henri-cuvee-aguirre-2015.jpg	
3122-domaine-saint-sylvestre-2014	gvp	Domaine Saint Sylvestre 2014	75 cl	19.5		https://grandsvins-prives.com/3122-domaine-saint-sylvestre-2014.html	Vin	   Languedoc     	Terrasses du Larzac	2014	Rouge		https://grandsvins-prives.com/7975-large_default/domaine-saint-sylvestre-2014.jpg	
3390-domaine-saint-andre-de-figuiere-premiere-blanc-2016-	gvp	Domaine Figuière - Première Blanc 2016	75 cl	14		https://grandsvins-prives.com/3390-domaine-saint-andre-de-figuiere-premiere-blanc-2016-.html	Vin	   Provence     	Côtes de Provence	2016	Blanc		https://grandsvins-prives.com/8570-large_default/domaine-saint-andre-de-figuiere-premiere-blanc-2016-.jpg	
3395-domaine-saint-andre-de-figuiere-premiere-rose-2016	gvp	Domaine Figuière - Première Rosé 2016 Magnum	150 cl	29		https://grandsvins-prives.com/3395-domaine-saint-andre-de-figuiere-premiere-rose-2016.html	Vin	        	Côtes de Provence	2016	Rose		https://grandsvins-prives.com/8566-large_default/domaine-saint-andre-de-figuiere-premiere-rose-2016.jpg	
3130-chateau-de-lastours-grande-reserve-2011	gvp	Château De Lastours - Grande Réserve 2011	75 cl	19		https://grandsvins-prives.com/3130-chateau-de-lastours-grande-reserve-2011.html	Vin	   Languedoc     	Corbières	2011	Rouge		https://grandsvins-prives.com/7968-large_default/chateau-de-lastours-grande-reserve-2011.jpg	
216-chateau-malherbe-cuvee-malherbe-rouge-2011	gvp	Château Malherbe - Cuvée Malherbe Rouge 2011	75 cl	31.5	34,00	https://grandsvins-prives.com/216-chateau-malherbe-cuvee-malherbe-rouge-2011.html	Vin	  Côtes-de-Provence     	Côtes de Provence	2011	Rouge		https://grandsvins-prives.com/8998-large_default/chateau-malherbe-cuvee-malherbe-rouge-2011.jpg	
3338-chateau-de-l-escarelle-2015-cuvee-1718-	gvp	Château De L'Escarelle 2015- Cuvée 1718	75 cl	17.9		https://grandsvins-prives.com/3338-chateau-de-l-escarelle-2015-cuvee-1718-.html	Vin	   Provence     	Coteaux Varois en Provence	2015	Rose		https://grandsvins-prives.com/9062-large_default/chateau-de-l-escarelle-2015-cuvee-1718-.jpg	
3319-chateau-de-la-salade-saint-henri-mille-huit-cent-trois-2015	gvp	Château De La Salade Saint-Henri - Mille Huit Cent Trois 2015	75 cl	12		https://grandsvins-prives.com/3319-chateau-de-la-salade-saint-henri-mille-huit-cent-trois-2015.html	Vin	   Languedoc     	Pic Saint Loup	2015	Rouge		https://grandsvins-prives.com/8410-large_default/chateau-de-la-salade-saint-henri-mille-huit-cent-trois-2015.jpg	
3129-chateau-de-lastours-simone-descamps-2016	gvp	Château De Lastours - Simone Descamps 2016 - Blanc	75 cl	13		https://grandsvins-prives.com/3129-chateau-de-lastours-simone-descamps-2016.html	Vin	   Languedoc     	Corbières	2016	Blanc		https://grandsvins-prives.com/7967-large_default/chateau-de-lastours-simone-descamps-2016.jpg	
3306-roque-sestiere-carte-blanche-2014	gvp	Domaine Roque Sestière - Carte Blanche 2014	75 cl	10.5		https://grandsvins-prives.com/3306-roque-sestiere-carte-blanche-2014.html	Vin	   Languedoc     	Corbières	2014	Rouge		https://grandsvins-prives.com/9316-large_default/roque-sestiere-carte-blanche-2014.jpg	
3294-chateau-de-lancyre-la-rouviere-2015	gvp	Château De Lancyre - La Rouvière 2015	75 cl	9.95		https://grandsvins-prives.com/3294-chateau-de-lancyre-la-rouviere-2015.html	Vin	        	Languedoc	2015	Blanc		https://grandsvins-prives.com/8309-large_default/chateau-de-lancyre-la-rouviere-2015.jpg	
2954-caisse-trimbach-reserve-cuvee-frederic-emile-2007-2008-2009	gvp	Caisse Trimbach - Riesling Cuvée Frédéric Emile 2007-2008-2009		262	290,00	https://grandsvins-prives.com/2954-caisse-trimbach-reserve-cuvee-frederic-emile-2007-2008-2009.html	Vin	       	Alsace	200720082009	Blanc		https://grandsvins-prives.com/7594-large_default/caisse-trimbach-reserve-cuvee-frederic-emile-2007-2008-2009.jpg	
2300-domaine-boudau-patrimoine-2013	gvp	Domaine Boudau - Patrimoine 2013	75 cl	16.5		https://grandsvins-prives.com/2300-domaine-boudau-patrimoine-2013.html	Vin	       	Côtes du Roussillon Villages	2013	Rouge		https://grandsvins-prives.com/9115-large_default/domaine-boudau-patrimoine-2013.jpg	
3707-domaine-des-3-vallees-2013	gvp	Les Vignerons De Tautavel - Domaine Des 3 Vallées 2013	75 cl	9.9		https://grandsvins-prives.com/3707-domaine-des-3-vallees-2013.html	Vin	  Côtes du Roussillon Villages Tautavel      	Côtes du Roussillon-Villages Tautavel	2013	Rouge		https://grandsvins-prives.com/9502-large_default/domaine-des-3-vallees-2013.jpg	
3291-chateau-de-lancyre-vieilles-vignes-2015	gvp	Château De Lancyre - Vieilles Vignes 2015	75 cl	11.9		https://grandsvins-prives.com/3291-chateau-de-lancyre-vieilles-vignes-2015.html	Vin	   -Languedoc     	Pic Saint-Loup	2015	Rouge		https://grandsvins-prives.com/8310-large_default/chateau-de-lancyre-vieilles-vignes-2015.jpg	
3123-chateau-de-lastours-arnaud-de-berre-2013	gvp	Château De Lastours - Arnaud De Berre 2013	75 cl	9		https://grandsvins-prives.com/3123-chateau-de-lastours-arnaud-de-berre-2013.html	Vin	   Languedoc     	Corbières	2013	Rouge		https://grandsvins-prives.com/7971-large_default/chateau-de-lastours-arnaud-de-berre-2013.jpg	
2828-minuty-prestige-rouge-2015	gvp	Minuty - Prestige Rouge 2015	75 cl	17		https://grandsvins-prives.com/2828-minuty-prestige-rouge-2015.html	Vin	       	Côtes de Provence	2015	Rouge		https://grandsvins-prives.com/7379-large_default/minuty-prestige-rouge-2015.jpg	
3307-roque-sestiere-carte-noire-2015	gvp	Domaine Roque Sestière - Carte Noire 2015	75 cl	8.2		https://grandsvins-prives.com/3307-roque-sestiere-carte-noire-2015.html	Vin	   Languedoc     	Corbières	2015	Blanc		https://grandsvins-prives.com/8358-large_default/roque-sestiere-carte-noire-2015.jpg	
3103-boutinot-la-lisse-soie-d-ivoire-2015	gvp	Boutinot - La Lisse Soie D'Ivoire 2015	75 cl	8.9		https://grandsvins-prives.com/3103-boutinot-la-lisse-soie-d-ivoire-2015.html	Vin	   Languedoc     	Haute Vallée de l'Aude	2015	Blanc		https://grandsvins-prives.com/9315-large_default/boutinot-la-lisse-soie-d-ivoire-2015.jpg	
3597-domaine-de-la-metairie-d-alon-la-metairie-2015	gvp	Domaine De La Métairie D'Alon - La Métairie 2015	75 cl	24.95		https://grandsvins-prives.com/3597-domaine-de-la-metairie-d-alon-la-metairie-2015.html	Vin	  Pays d'oc     	Pays d'Oc	2015	Rouge		https://grandsvins-prives.com/9246-large_default/domaine-de-la-metairie-d-alon-la-metairie-2015.jpg	
3339-chateau-de-l-escarelle-cuvee-chateau-2015	gvp	Château De L'Escarelle - Cuvée Château 2015	75 cl	7.95		https://grandsvins-prives.com/3339-chateau-de-l-escarelle-cuvee-chateau-2015.html	Vin	   en Provence Provence     	Coteaux Varois	2015	Rouge		https://grandsvins-prives.com/8442-large_default/chateau-de-l-escarelle-cuvee-chateau-2015.jpg	
3427-les-jamelles-chardonnay-2016	gvp	Les Jamelles - Chardonnay Bio 2015	75 cl	9.95		https://grandsvins-prives.com/3427-les-jamelles-chardonnay-2016.html	Vin	        	Vins de Pays d'Oc	2015	Blanc		https://grandsvins-prives.com/9156-large_default/les-jamelles-chardonnay-2016.jpg	
3472-la-fontesole-latude-2014	gvp	Latude 2014	75 cl	10.6		https://grandsvins-prives.com/3472-la-fontesole-latude-2014.html	Vin	       	Languedoc	2014	Rouge		https://grandsvins-prives.com/8928-large_default/la-fontesole-latude-2014.jpg	
3651-silex-2015	gvp	Les Vignerons De Tautavel Vingrau - Silex 2015	75 cl	16.5		https://grandsvins-prives.com/3651-silex-2015.html	Vin	        	Côtes du Roussillon Villages Tautavel	2015	Rouge		https://grandsvins-prives.com/9365-large_default/silex-2015.jpg	
3650-le-cirque-rouge-2014	gvp	Les Vignerons De Tautavel - Le Cirque - Rouge 2014	75 cl	6		https://grandsvins-prives.com/3650-le-cirque-rouge-2014.html	Vin	        	IGP Côtes Catalanes	2014	Rouge		https://grandsvins-prives.com/9366-large_default/le-cirque-rouge-2014.jpg	
3417-le-petit-cochonnet-grenache-rose-2016	gvp	Le Petit Cochonnet - Grenache Rosé 2016	75 cl	4.2		https://grandsvins-prives.com/3417-le-petit-cochonnet-grenache-rose-2016.html	Vin	  IGP d'Oc     	IGP OC	2016	Rose		https://grandsvins-prives.com/8656-large_default/le-petit-cochonnet-grenache-rose-2016.jpg	
3308-domaine-roque-sestiere-vieilles-vignes-2015	gvp	Domaine Roque Sestière - Vieilles Vignes 2015	75 cl	8.9		https://grandsvins-prives.com/3308-domaine-roque-sestiere-vieilles-vignes-2015.html	Vin	   Languedoc     	Corbières	2015	Blanc		https://grandsvins-prives.com/8359-large_default/domaine-roque-sestiere-vieilles-vignes-2015.jpg	
3434-les-jamelles-malbec-2015	gvp	Les Jamelles - Malbec 2015	75 cl	6.95		https://grandsvins-prives.com/3434-les-jamelles-malbec-2015.html	Vin	  Vins de      	Pays d'Oc	2015	Rouge		https://grandsvins-prives.com/9164-large_default/les-jamelles-malbec-2015.jpg	
2307-chateau-de-chambert-grand-vin-2013	gvp	Château De Chambert - Grand Vin 2013 Bio	75 cl	19.95		https://grandsvins-prives.com/2307-chateau-de-chambert-grand-vin-2013.html	Vin	   Sud-Ouest     	Cahors	2013	Rouge		https://grandsvins-prives.com/6665-large_default/chateau-de-chambert-grand-vin-2013.jpg	
3708-domaine-3-vallees-2015	gvp	Les Vignerons De Tautavel - Domaine Des 3 Vallées 2015	75 cl	9.5		https://grandsvins-prives.com/3708-domaine-3-vallees-2015.html	Vin	       	Côtes du Roussillon	2015	Blanc		https://grandsvins-prives.com/9503-large_default/domaine-3-vallees-2015.jpg	
3624-domaine-de-vedilhan-2016	gvp	Boutinot - Domaine De Vedilhan 2016	75 cl	7.8		https://grandsvins-prives.com/3624-domaine-de-vedilhan-2016.html	Vin	   Languedoc     	IGP Pays d'Oc	2016	Blanc		https://grandsvins-prives.com/9306-large_default/domaine-de-vedilhan-2016.jpg	
3305-roque-sestiere-a-l-oree-des-pins-2014	gvp	Domaine Roque Sestière - A L'Orée Des Pins 2014	75 cl	7.8		https://grandsvins-prives.com/3305-roque-sestiere-a-l-oree-des-pins-2014.html	Vin	   Languedoc     	Corbières	2014	Rouge		https://grandsvins-prives.com/8356-large_default/roque-sestiere-a-l-oree-des-pins-2014.jpg	
3641-les-jamelles-viognier-2016	gvp	Les Jamelles - Viognier 2016	75 cl	6.95		https://grandsvins-prives.com/3641-les-jamelles-viognier-2016.html	Vin	   Languedoc     	Vin du Pays D'Oc	2016	Blanc		https://grandsvins-prives.com/9358-large_default/les-jamelles-viognier-2016.jpg	
2312-chateau-nozieres-l-elegance-2011	gvp	Château Nozières - L'Elégance 2011	75 cl	15.9		https://grandsvins-prives.com/2312-chateau-nozieres-l-elegance-2011.html	Vin	   Sud-Ouest     	Cahors	2011	Rouge		https://grandsvins-prives.com/9136-large_default/chateau-nozieres-l-elegance-2011.jpg	
1979-alain-brumont-chateau-bouscasse-vieilles-vignes-2014	gvp	Alain Brumont - Château Bouscassé Vieilles Vignes 2014	75 cl	17.94		https://grandsvins-prives.com/1979-alain-brumont-chateau-bouscasse-vieilles-vignes-2014.html	Vin	  MADIRAN SUD-OUEST     	Madiran	2014	Rouge		https://grandsvins-prives.com/5443-large_default/alain-brumont-chateau-bouscasse-vieilles-vignes-2014.jpg	
2968-domaine-guirardel-bi-de-casau-2012	gvp	Domaine Guirardel - Bi Dé Casau 2012	75 cl	19.9		https://grandsvins-prives.com/2968-domaine-guirardel-bi-de-casau-2012.html	Vin	   Sud-Ouest      	Vin de France	2012	Blanc		https://grandsvins-prives.com/8960-large_default/domaine-guirardel-bi-de-casau-2012.jpg	
3418-le-petit-cochonnet-sauvignon-2015	gvp	Le Petit Cochonnet - Sauvignon 2015	75 cl	5.5		https://grandsvins-prives.com/3418-le-petit-cochonnet-sauvignon-2015.html	Vin	  IGP d'Oc      	IGP OC	2015	Blanc		https://grandsvins-prives.com/8655-large_default/le-petit-cochonnet-sauvignon-2015.jpg	
1981-alain-brumont-chateau-montus-2014	gvp	Alain Brumont - Château Montus 2014	75 cl	15		https://grandsvins-prives.com/1981-alain-brumont-chateau-montus-2014.html	Vin	  MADIRAN SUD-OUEST     	Madiran	2014	Rouge		https://grandsvins-prives.com/5444-large_default/alain-brumont-chateau-montus-2014.jpg	
2025-domaine-georges-vigouroux-le-vassal-de-mercues-2012	gvp	Georges Vigouroux - Le Vassal De Mercuès 2012	75 cl	9.5		https://grandsvins-prives.com/2025-domaine-georges-vigouroux-le-vassal-de-mercues-2012.html	Vin	   Sud-Ouest     	Cahors	2012	Rouge		https://grandsvins-prives.com/9133-large_default/domaine-georges-vigouroux-le-vassal-de-mercues-2012.jpg	
2183-domaine-agathe-bursin-esprit-de-calcaire-2012	gvp	Domaine Agathe Bursin - Esprit De Calcaire 2012	75 cl	47	49,90	https://grandsvins-prives.com/2183-domaine-agathe-bursin-esprit-de-calcaire-2012.html	Vin	       	Alsace	2012	Blanc		https://grandsvins-prives.com/8989-large_default/domaine-agathe-bursin-esprit-de-calcaire-2012.jpg	
1010-domaine-l-ancienne-cure-l-extase-2012	gvp	Domaine De L'Ancienne Cure - L'Extase 2012 Bio	75 cl	16.6		https://grandsvins-prives.com/1010-domaine-l-ancienne-cure-l-extase-2012.html	Vin	   Sud-Ouest     	Bergerac Sec	2012	Blanc		https://grandsvins-prives.com/8992-large_default/domaine-l-ancienne-cure-l-extase-2012.jpg	
3637-le-vassal-de-mercues-2015	gvp	Le Vassal De Mercuès 2015	75 cl	9.95		https://grandsvins-prives.com/3637-le-vassal-de-mercues-2015.html	Vin	   Sud-Ouest     	Cahors	2015	Rouge		https://grandsvins-prives.com/9349-large_default/le-vassal-de-mercues-2015.jpg	
2952-maison-trimbach-pinot-gris-reserve-personnelle-2013	gvp	Maison Trimbach - Pinot Gris Réserve Personnelle 2013	75 cl	25.8	26,90	https://grandsvins-prives.com/2952-maison-trimbach-pinot-gris-reserve-personnelle-2013.html	Vin	       	Alsace	2013	Blanc		https://grandsvins-prives.com/7592-large_default/maison-trimbach-pinot-gris-reserve-personnelle-2013.jpg	
2949-maison-trimbach-pinot-gris-vendanges-tardives-2008	gvp	Maison Trimbach - Pinot Gris Vendanges Tardives 2008	75 cl	34.3	42,00	https://grandsvins-prives.com/2949-maison-trimbach-pinot-gris-vendanges-tardives-2008.html	Vin	        	Alsace	2008	Blanc		https://grandsvins-prives.com/7586-large_default/maison-trimbach-pinot-gris-vendanges-tardives-2008.jpg	
3278-croix-de-bebian-2015	gvp	La Croix De Bébian 2015	75 cl	7.95		https://grandsvins-prives.com/3278-croix-de-bebian-2015.html	Vin	   Languedoc     	Coteaux du Languedoc	2015	Rouge		https://grandsvins-prives.com/8303-large_default/croix-de-bebian-2015.jpg	
2946-maison-trimbach-riesling-cuvee-frederic-emile-2007	gvp	Maison Trimbach - Riesling Cuvée Frédéric Emile 2007	75 cl	41	42,00	https://grandsvins-prives.com/2946-maison-trimbach-riesling-cuvee-frederic-emile-2007.html	Vin	       	Alsace	2007	Blanc		https://grandsvins-prives.com/7588-large_default/maison-trimbach-riesling-cuvee-frederic-emile-2007.jpg	
2301-leon-beyer-riesling-les-ecaillers-2008	gvp	Leon Beyer - Riesling Les Ecaillers 2008	75 cl	21		https://grandsvins-prives.com/2301-leon-beyer-riesling-les-ecaillers-2008.html	Vin	       	Alsace	2008	Blanc		https://grandsvins-prives.com/9143-large_default/leon-beyer-riesling-les-ecaillers-2008.jpg	
960-louis-sipp-riesling-grand-cru-osterberg-2008	gvp	Louis Sipp - Riesling Osterberg 2008 - Raisins Bio	75 cl	22		https://grandsvins-prives.com/960-louis-sipp-riesling-grand-cru-osterberg-2008.html	Vin	       	Alsace Grand Cru	2008	Blanc		https://grandsvins-prives.com/9145-large_default/louis-sipp-riesling-grand-cru-osterberg-2008.jpg	
958-louis-sipp-riesling-grand-cru-kirchberg-de-ribeauville-2011	gvp	Louis Sipp - Riesling - Kirchberg De Ribeauvillé 2011	75 cl	21		https://grandsvins-prives.com/958-louis-sipp-riesling-grand-cru-kirchberg-de-ribeauville-2011.html	Vin	       	Alsace Grand Cru	2011	Blanc		https://grandsvins-prives.com/8977-large_default/louis-sipp-riesling-grand-cru-kirchberg-de-ribeauville-2011.jpg	
889-domaine-eric-rominger-riesling-grand-cru-zinnkoepfle-les-sinneles-2011	gvp	Domaine Eric Rominger - Riesling Zinnkoepflé Les Sinneles 2011 - Raisins Bio	75 cl	20.3		https://grandsvins-prives.com/889-domaine-eric-rominger-riesling-grand-cru-zinnkoepfle-les-sinneles-2011.html	Vin	  Alsace Grand Cru      	Alsace Grand Cru ZinnKoepfle	2011	Blanc		https://grandsvins-prives.com/8976-large_default/domaine-eric-rominger-riesling-grand-cru-zinnkoepfle-les-sinneles-2011.jpg	
2955-maison-trimbach-pinot-gris-reserve-2013	gvp	Maison Trimbach - Pinot Gris Réserve 2013	75 cl	15.95		https://grandsvins-prives.com/2955-maison-trimbach-pinot-gris-reserve-2013.html	Vin	       	Alsace	2013	Blanc		https://grandsvins-prives.com/7747-large_default/maison-trimbach-pinot-gris-reserve-2013.jpg	
959-louis-sipp-riesling-grand-cru-osterberg-2010	gvp	Louis Sipp - Riesling Osterberg 2010 - Raisins Bio	75 cl	22		https://grandsvins-prives.com/959-louis-sipp-riesling-grand-cru-osterberg-2010.html	Vin	       	Alsace Grand Cru	2010	Blanc		https://grandsvins-prives.com/9144-large_default/louis-sipp-riesling-grand-cru-osterberg-2010.jpg	
2948-maison-trimbach-riesling-cuvee-frederic-emile-2009	gvp	Maison Trimbach - Riesling Cuvée Frédéric Emile 2009	75 cl	43.5	49,90	https://grandsvins-prives.com/2948-maison-trimbach-riesling-cuvee-frederic-emile-2009.html	Vin	       	Alsace	2009	Blanc		https://grandsvins-prives.com/7590-large_default/maison-trimbach-riesling-cuvee-frederic-emile-2009.jpg	
3636-chateau-de-haute-serre-2014	gvp	Château De Haute-Serre 2014	75 cl	17		https://grandsvins-prives.com/3636-chateau-de-haute-serre-2014.html	Vin	   Sud-Ouest     	Cahors	2014	Rouge		https://grandsvins-prives.com/9372-large_default/chateau-de-haute-serre-2014.jpg	
3109-pommard-les-vignots-2015	gvp	Domaine Coste Caumartin - Pommard "Les Vignots" 2015	75 cl	29.5		https://grandsvins-prives.com/3109-pommard-les-vignots-2015.html	Vin	   Bourgogne     	Pommard	2015	Rouge		https://grandsvins-prives.com/7877-large_default/pommard-les-vignots-2015.jpg	
1473-chateau-de-chamirey-clos-du-roi-2012	gvp	Château De Chamirey - Mercurey Premier Cru Clos Du Roi 2012	75 cl	31		https://grandsvins-prives.com/1473-chateau-de-chamirey-clos-du-roi-2012.html	Vin	   Bourgogne     	Mercurey Premier Cru	2012	Rouge		https://grandsvins-prives.com/7094-large_default/chateau-de-chamirey-clos-du-roi-2012.jpg	
3638-chateau-de-mercues-2015	gvp	Château De Mercuès 2015	75 cl	17		https://grandsvins-prives.com/3638-chateau-de-mercues-2015.html	Vin	   Sud-Ouest     	Cahors	2015	Rouge		https://grandsvins-prives.com/9351-large_default/chateau-de-mercues-2015.jpg	
3117-domaine-lucien-muzard-fils-santenay-1er-cru-maladiere-2014	gvp	Domaine Lucien Muzard Et Fils – Santenay 1Er Cru Maladière 2014	75 cl	27.5		https://grandsvins-prives.com/3117-domaine-lucien-muzard-fils-santenay-1er-cru-maladiere-2014.html	Vin	   Bourgogne     	Santenay 1er Cru	2014	Rouge		https://grandsvins-prives.com/7879-large_default/domaine-lucien-muzard-fils-santenay-1er-cru-maladiere-2014.jpg	
3314-maison-louis-jadot-pouilly-fuisse-2014	gvp	Louis Jadot - Pouilly Fuissé 2014	75 cl	21.6		https://grandsvins-prives.com/3314-maison-louis-jadot-pouilly-fuisse-2014.html	Vin	   Bourgogne     	Pouilly Fuissé	2014	Blanc		https://grandsvins-prives.com/8376-large_default/maison-louis-jadot-pouilly-fuisse-2014.jpg	
3572-joseph-drouhin-pouilly-vinzelles-2015	gvp	Joseph Drouhin - Pouilly-Vinzelles 2015	75 cl	16.8		https://grandsvins-prives.com/3572-joseph-drouhin-pouilly-vinzelles-2015.html	Vin	       	Pouilly-Vinzelles	2015	Blanc		https://grandsvins-prives.com/9209-large_default/joseph-drouhin-pouilly-vinzelles-2015.jpg	
2950-maison-trimbach-pinot-gris-vendanges-tardives-2008	gvp	Maison Trimbach - Gewurztraminer Vendanges Tardives 2011	75 cl	36.5	42,00	https://grandsvins-prives.com/2950-maison-trimbach-pinot-gris-vendanges-tardives-2008.html	Vin	        	Alsace	2011	Blanc		https://grandsvins-prives.com/7585-large_default/maison-trimbach-pinot-gris-vendanges-tardives-2008.jpg	
2214-albert-bichot-domaine-long-depaquit-chablis-1er-cru-les-lys-2013	gvp	Albert Bichot - Domaine Long-Depaquit Chablis 1Er Cru Les Lys 2013	75 cl	23.9		https://grandsvins-prives.com/2214-albert-bichot-domaine-long-depaquit-chablis-1er-cru-les-lys-2013.html	Vin	  Chablis 1er Cru Bourgogne     	Chablis Premier Cru	2013	Blanc		https://grandsvins-prives.com/8902-large_default/albert-bichot-domaine-long-depaquit-chablis-1er-cru-les-lys-2013.jpg	
3227-chateau-de-marsannay-blanc-marsannay	gvp	Château De Marsannay - Marsannay 2015	75 cl	23.8		https://grandsvins-prives.com/3227-chateau-de-marsannay-blanc-marsannay.html	Vin	   Bourgogne     	Marsannay	2015	Blanc		https://grandsvins-prives.com/8161-large_default/chateau-de-marsannay-blanc-marsannay.jpg	
3537-domaine-du-clos-du-fief-bourgogne-blanc-2015	gvp	Domaine Du Clos Du Fief - Bourgogne Blanc 2015	75 cl	9.9		https://grandsvins-prives.com/3537-domaine-du-clos-du-fief-bourgogne-blanc-2015.html	Vin	       	Bourgogne	2015	Blanc		https://grandsvins-prives.com/9081-large_default/domaine-du-clos-du-fief-bourgogne-blanc-2015.jpg	
3555-domaine-louis-tete-beaujolais-village-les-combes-2013-	gvp	Domaine Louis Tête - Les Combes 2013	75 cl	11.9		https://grandsvins-prives.com/3555-domaine-louis-tete-beaujolais-village-les-combes-2013-.html	Vin	        	Beaujolais Villages	2013	Rouge		https://grandsvins-prives.com/9200-large_default/domaine-louis-tete-beaujolais-village-les-combes-2013-.jpg	
3413-pascal-aufranc-julienas-les-cerisiers-2015	gvp	Pascal Aufranc - Juliénas Les Cerisiers 2015	75 cl	11.6		https://grandsvins-prives.com/3413-pascal-aufranc-julienas-les-cerisiers-2015.html	Vin	   Beaujolais     	Juliénas	2015	Rouge		https://grandsvins-prives.com/8606-large_default/pascal-aufranc-julienas-les-cerisiers-2015.jpg	
3412-pascal-aufranc-chenas-2016-vignes-de-1939-	gvp	Pascal Aufranc - Vignes De 1939 - 2016	75 cl	11.5		https://grandsvins-prives.com/3412-pascal-aufranc-chenas-2016-vignes-de-1939-.html	Vin	   Beaujolais     	Chénas	19392016	Rouge		https://grandsvins-prives.com/8605-large_default/pascal-aufranc-chenas-2016-vignes-de-1939-.jpg	
3601-domaine-du-clos-du-fief-cuvee-prestige-2015	gvp	Domaine Du Clos Du Fief - Cuvée Prestige 2015	75 cl	12.5		https://grandsvins-prives.com/3601-domaine-du-clos-du-fief-cuvee-prestige-2015.html	Vin	       	Juliènas	2015	Rouge		https://grandsvins-prives.com/9261-large_default/domaine-du-clos-du-fief-cuvee-prestige-2015.jpg	
2951-maison-trimbach-pinot-gris-vendanges-tardives-2008	gvp	Maison Trimbach - Gewurztraminer Réserve 2011	75 cl	22		https://grandsvins-prives.com/2951-maison-trimbach-pinot-gris-vendanges-tardives-2008.html	Vin	        	Alsace	2011	Blanc		https://grandsvins-prives.com/7591-large_default/maison-trimbach-pinot-gris-vendanges-tardives-2008.jpg	
3539-domaine-du-clos-du-fief-les-capitans-2016	gvp	Domaine Du Clos Du Fief - Les Capitans 2016	75 cl	11.9		https://grandsvins-prives.com/3539-domaine-du-clos-du-fief-les-capitans-2016.html	Vin	       	Saint-Amour	2016	Rouge		https://grandsvins-prives.com/9082-large_default/domaine-du-clos-du-fief-les-capitans-2016.jpg	
3116-domaine-dupasquier-et-fils-nuits-saint-georges-2014	gvp	Domaine Dupasquier Et Fils - Nuits Saint Georges 2014	75 cl	27.5		https://grandsvins-prives.com/3116-domaine-dupasquier-et-fils-nuits-saint-georges-2014.html	Vin	   Bourgogne     	Nuits Saint Georges	2014	Rouge		https://grandsvins-prives.com/7878-large_default/domaine-dupasquier-et-fils-nuits-saint-georges-2014.jpg	
3470-chateau-de-briante-2015	gvp	Château De Briante 2015	75 cl	7.5	8,50	https://grandsvins-prives.com/3470-chateau-de-briante-2015.html	Vin	   Beaujolais     	Brouilly	2015	Rouge		https://grandsvins-prives.com/8926-large_default/chateau-de-briante-2015.jpg	
2953-maison-trimbach-riesling-reserve-2014	gvp	Maison Trimbach - Riesling Réserve 2014	75 cl	17.5		https://grandsvins-prives.com/2953-maison-trimbach-riesling-reserve-2014.html	Vin	       	Alsace	2014	Blanc		https://grandsvins-prives.com/7597-large_default/maison-trimbach-riesling-reserve-2014.jpg	
2195-chateau-beauregard-vers-cras-2013	gvp	Château De Beauregard - Vers Cras 2013	75 cl	24.9		https://grandsvins-prives.com/2195-chateau-beauregard-vers-cras-2013.html	Vin	   Bourgogne     	Pouilly-Fuissé	2013	Blanc		https://grandsvins-prives.com/8901-large_default/chateau-beauregard-vers-cras-2013.jpg	
3318-maison-louis-jadot-santenay-clos-de-malte-2013	gvp	Louis Jadot - Santenay - Clos De Malte 2013	75 cl	22.4		https://grandsvins-prives.com/3318-maison-louis-jadot-santenay-clos-de-malte-2013.html	Vin	   Bourgogne     	Santenay	2013	Rouge		https://grandsvins-prives.com/8380-large_default/maison-louis-jadot-santenay-clos-de-malte-2013.jpg	
3119-domaine-agnes-paquet-bourgogne-chardonnay-2015	gvp	Agnès Paquet - Bourgogne Chardonnay 2015	75 cl	13.2		https://grandsvins-prives.com/3119-domaine-agnes-paquet-bourgogne-chardonnay-2015.html	Vin	        	Bourgogne	2015	Blanc		https://grandsvins-prives.com/7881-large_default/domaine-agnes-paquet-bourgogne-chardonnay-2015.jpg	
3266-nina-pinot-grigio-rose-2016-igt-veneto	gvp	Maison Botter - Nina - Pinot Grigio Rosé 2016	75 cl	6.5		https://grandsvins-prives.com/3266-nina-pinot-grigio-rose-2016-igt-veneto.html	Vin	         	Veneto	2016	Rose		https://grandsvins-prives.com/8258-large_default/nina-pinot-grigio-rose-2016-igt-veneto.jpg	
3723-almaviva-2015	gvp	Almaviva 2015	75 cl	115		https://grandsvins-prives.com/3723-almaviva-2015.html	Vin	   Chili     	Puente Alto	2015	Rouge		https://grandsvins-prives.com/9538-large_default/almaviva-2015.jpg	
3570-joseph-drouhin-coteaux-bourguignons-2015	gvp	Joseph Drouhin - Coteaux Bourguignons 2015	75 cl	9.3		https://grandsvins-prives.com/3570-joseph-drouhin-coteaux-bourguignons-2015.html	Vin	       	Coteaux bourguignons	2015	Rouge		https://grandsvins-prives.com/9207-large_default/joseph-drouhin-coteaux-bourguignons-2015.jpg	
3275-chateau-dauzac-2010	gvp	Château Dauzac 2010	75 cl	50.8		https://grandsvins-prives.com/3275-chateau-dauzac-2010.html	Vin	   Bordeaux      	Margaux	2010	Rouge		https://grandsvins-prives.com/9260-large_default/chateau-dauzac-2010.jpg	
2331-yacochuya-2008-salta-argentine	gvp	Yacochuya 2008 - Salta Argentine				https://grandsvins-prives.com/2331-yacochuya-2008-salta-argentine.html	Vin	  Cafayate  Argentine     	Salta	2008	Rouge		https://grandsvins-prives.com/6507-large_default/yacochuya-2008-salta-argentine.jpg	
926-domaine-montirius-jardin-secret-2011	gvp	Domaine Montirius - Jardin Secret 2011 - Raisins Bio	75 cl	15.3		https://grandsvins-prives.com/926-domaine-montirius-jardin-secret-2011.html	Vin	       	Côtes du Rhône	2011	Rouge		https://grandsvins-prives.com/8911-large_default/domaine-montirius-jardin-secret-2011.jpg	
3683-chateau-d-issan-2013-double-magnum	gvp	Château D'Issan 2013 - Double Magnum	300cl	240		https://grandsvins-prives.com/3683-chateau-d-issan-2013-double-magnum.html	Vin	   Bordeaux     	Margaux	2013	Rouge		https://grandsvins-prives.com/9426-large_default/chateau-d-issan-2013-double-magnum.jpg	
3557-domaine-louis-tete-cotes-de-brouilly-2014	gvp	Domaine Louis Tête - Côte De Brouilly 2014	75 cl	7.7		https://grandsvins-prives.com/3557-domaine-louis-tete-cotes-de-brouilly-2014.html	Vin	       	Côte de Brouilly	2014	Rouge		https://grandsvins-prives.com/9202-large_default/domaine-louis-tete-cotes-de-brouilly-2014.jpg	
3101-chateau-cheval-blanc-2016	gvp	Château Cheval Blanc 2016	75 cl	630		https://grandsvins-prives.com/primeurs-/3101-chateau-cheval-blanc-2016.html	Vin	   Bordeaux     	Saint-Emillion Grand Cru	2016	Rouge		https://grandsvins-prives.com/8520-large_default/chateau-cheval-blanc-2016.jpg	
1775-domaine-de-chevalier-blanc-2014	gvp	Domaine De Chevalier Blanc 2014	75 cl	89		https://grandsvins-prives.com/1775-domaine-de-chevalier-blanc-2014.html	Vin	   Bordeaux     	Pessac-Léognan	2014	Blanc		https://grandsvins-prives.com/8786-large_default/domaine-de-chevalier-blanc-2014.jpg	
3415-la-chapelle-d-ausone-2016	gvp	La Chapelle D'Ausone 2016	75 cl	190		https://grandsvins-prives.com/primeurs-/3415-la-chapelle-d-ausone-2016.html	Vin	       	Saint-Emilion Grand Cru	2016	Rouge		https://grandsvins-prives.com/8739-large_default/la-chapelle-d-ausone-2016.jpg	
3097-chateau-lafite-rothschild-2016	gvp	Château Lafite-Rothschild 2016		559		https://grandsvins-prives.com/primeurs-/3097-chateau-lafite-rothschild-2016.html	Vin	   Bordeaux     	Pauillac	2016	Rouge		https://grandsvins-prives.com/7931-large_default/chateau-lafite-rothschild-2016.jpg	
3558-domaine-louis-tete-morgon-les-charmeuses-2016	gvp	Domaine Louis Tête - Morgon Les Charmeuses 2016	75 cl	8.2		https://grandsvins-prives.com/3558-domaine-louis-tete-morgon-les-charmeuses-2016.html	Vin	        	Morgon	2016	Rouge		https://grandsvins-prives.com/9203-large_default/domaine-louis-tete-morgon-les-charmeuses-2016.jpg	
3089-chateau-figeac-2016	gvp	Château Figeac 2016	75 cl	175		https://grandsvins-prives.com/primeurs-/3089-chateau-figeac-2016.html	Vin	  Saint-Emilion Bordeaux     	Saint Emilion Grand Cru	2016	Rouge		https://grandsvins-prives.com/8738-large_default/chateau-figeac-2016.jpg	
3192-chateau-pichon-longueville-comtesse-de-lalande-2016	gvp	Château Pichon Longueville Comtesse De Lalande 2016	75 cl	141		https://grandsvins-prives.com/primeurs-/3192-chateau-pichon-longueville-comtesse-de-lalande-2016.html	Vin	   Bordeaux     	Pauillac	2016	Rouge		https://grandsvins-prives.com/8737-large_default/chateau-pichon-longueville-comtesse-de-lalande-2016.jpg	
3096-chateau-angelus-2016	gvp	Château Angélus 2016	75 cl	345		https://grandsvins-prives.com/primeurs-/3096-chateau-angelus-2016.html	Vin	   Bordeaux     	Saint-Emilion Grand Cru	2016	Rouge		https://grandsvins-prives.com/8743-large_default/chateau-angelus-2016.jpg	
3100-chateau-l-evangile-2016	gvp	Château L'Evangile 2016	75 cl	210		https://grandsvins-prives.com/primeurs-/3100-chateau-l-evangile-2016.html	Vin	   Bordeaux     	Pomerol	2016	Rouge		https://grandsvins-prives.com/8611-large_default/chateau-l-evangile-2016.jpg	
3247-chateau-pavie-2016	gvp	Château Pavie 2016	75 cl	345		https://grandsvins-prives.com/primeurs-/3247-chateau-pavie-2016.html	Vin	   Bordeaux     	Saint-Emilion Grand Cru	2016	Rouge		https://grandsvins-prives.com/8742-large_default/chateau-pavie-2016.jpg	
3092-chateau-pichon-longueville-baron-2016	gvp	Château Pichon-Longueville Baron 2016	75 cl	133		https://grandsvins-prives.com/primeurs-/3092-chateau-pichon-longueville-baron-2016.html	Vin	   Bordeaux     	Pauillac	2016	Rouge		https://grandsvins-prives.com/8565-large_default/chateau-pichon-longueville-baron-2016.jpg	
3252-chateau-cos-destournel-2016	gvp	Château Cos D’Estournel 2016	75 cl	139		https://grandsvins-prives.com/primeurs-/3252-chateau-cos-destournel-2016.html	Vin	   Bordeaux     	Saint-Estèphe	2016	Rouge		https://grandsvins-prives.com/8198-large_default/chateau-cos-destournel-2016.jpg	
3189-chateau-palmer-2016-primeurs	gvp	Château Palmer 2016	75 cl	280		https://grandsvins-prives.com/primeurs-/3189-chateau-palmer-2016-primeurs.html	Vin	   Bordeaux     	Margaux	2016	Rouge		https://grandsvins-prives.com/8741-large_default/chateau-palmer-2016-primeurs.jpg	
3217-chateau-troplong-mondot-2016	gvp	Château Troplong Mondot 2016	75 cl	122.4		https://grandsvins-prives.com/primeurs-/3217-chateau-troplong-mondot-2016.html	Vin	   Bordeaux     	Saint-Emilion Grand Cru	2016	Rouge		https://grandsvins-prives.com/8526-large_default/chateau-troplong-mondot-2016.jpg	
3239-clos-fourtet-2016	gvp	Clos Fourtet 2016	75 cl	96.6		https://grandsvins-prives.com/primeurs-/3239-clos-fourtet-2016.html	Vin	   Bordeaux     	Saint-Emilion Grand Cru	2016	Rouge		https://grandsvins-prives.com/8735-large_default/clos-fourtet-2016.jpg	
3099-pavillon-de-chateau-margaux-rouge-2016	gvp	Pavillon De Château Margaux Rouge 2016	75 cl	132		https://grandsvins-prives.com/primeurs-/3099-pavillon-de-chateau-margaux-rouge-2016.html	Vin	   Bordeaux     	Margaux	2016	Rouge		https://grandsvins-prives.com/8542-large_default/pavillon-de-chateau-margaux-rouge-2016.jpg	
3175-chateau-leoville-barton-2016	gvp	Château Léoville Barton 2016	75 cl	74		https://grandsvins-prives.com/primeurs-/3175-chateau-leoville-barton-2016.html	Vin	   Bordeaux     	Saint-Julien	2016	Rouge		https://grandsvins-prives.com/8541-large_default/chateau-leoville-barton-2016.jpg	
3187-chateau-pape-clement-blanc-2016-primeurs	gvp	Château Pape Clément Blanc 2016	75 cl	116.67		https://grandsvins-prives.com/primeurs-/3187-chateau-pape-clement-blanc-2016-primeurs.html	Vin	   Bordeaux     	Pessac-Léognan	2016	Blanc		https://grandsvins-prives.com/8370-large_default/chateau-pape-clement-blanc-2016-primeurs.jpg	
3134-chateau-pontet-canet-2016	gvp	Château Pontet-Canet 2016	75 cl	129.6		https://grandsvins-prives.com/primeurs-/3134-chateau-pontet-canet-2016.html	Vin	   Bordeaux     	Pauillac	2016	Rouge		https://grandsvins-prives.com/8578-large_default/chateau-pontet-canet-2016.jpg	
3174-chateau-lascombes-2016	gvp	Château Lascombes 2016	75 cl	65.28		https://grandsvins-prives.com/primeurs-/3174-chateau-lascombes-2016.html	Vin	   Bordeaux     	Margaux	2016	Rouge		https://grandsvins-prives.com/8557-large_default/chateau-lascombes-2016.jpg	
3248-la-carillon-chateau-angelus-2016	gvp	Le Carillon De L'Angélus 2016	75 cl	85		https://grandsvins-prives.com/primeurs-/3248-la-carillon-chateau-angelus-2016.html	Vin	   Bordeaux     	Saint-Emilion Grand Cru	2016	Rouge		https://grandsvins-prives.com/8734-large_default/la-carillon-chateau-angelus-2016.jpg	
3324-chateau-duhart-milon-2016	gvp	Château Duhart-Milon 2016	75 cl	63.5		https://grandsvins-prives.com/primeurs-/3324-chateau-duhart-milon-2016.html	Vin	   Bordeaux      	Pauillac	2016	Rouge		https://grandsvins-prives.com/8396-large_default/chateau-duhart-milon-2016.jpg	
3095-chateau-canon-la-gaffeliere-2016	gvp	Château Canon La Gaffelière 2016	75 cl	74		https://grandsvins-prives.com/primeurs-/3095-chateau-canon-la-gaffeliere-2016.html	Vin	   Bordeaux     	Saint-Emilion	2016	Rouge		https://grandsvins-prives.com/8560-large_default/chateau-canon-la-gaffeliere-2016.jpg	
3158-chateau-gazin-2016-primeurs	gvp	Château Gazin 2016	75 cl	70		https://grandsvins-prives.com/primeurs-/3158-chateau-gazin-2016-primeurs.html	Vin	   Bordeaux     	Pomerol	2016	Rouge		https://grandsvins-prives.com/8730-large_default/chateau-gazin-2016-primeurs.jpg	
597-clos-marsalette-rouge-2013	gvp	Clos Marsalette Rouge 2013	75 cl	19.8		https://grandsvins-prives.com/597-clos-marsalette-rouge-2013.html	Vin	   Bordeaux     	Pessac-Léognan	2013	Rouge		https://grandsvins-prives.com/8824-large_default/clos-marsalette-rouge-2013.jpg	
2917-les-hauts-de-canon-la-gaffeliere-2012	gvp	Les Hauts De Canon La Gaffelière 2012	75 cl	22.5		https://grandsvins-prives.com/2917-les-hauts-de-canon-la-gaffeliere-2012.html	Vin	   Bordeaux      	Saint-Emilion	2012	Rouge		https://grandsvins-prives.com/7535-large_default/les-hauts-de-canon-la-gaffeliere-2012.jpg	
3191-chateau-petit-village-2016-primeurs	gvp	Château Petit-Village 2016	75 cl	63		https://grandsvins-prives.com/primeurs-/3191-chateau-petit-village-2016-primeurs.html	Vin	   Bordeaux     	Pomerol	2016	Rouge		https://grandsvins-prives.com/8466-large_default/chateau-petit-village-2016-primeurs.jpg	
3085-domaine-de-chevalier-rouge-2016	gvp	Domaine De Chevalier Rouge 2016	75 cl	61.6		https://grandsvins-prives.com/primeurs-/3085-domaine-de-chevalier-rouge-2016.html	Vin	   Bordaux     	Pessac-Léognan	2016	Rouge		https://grandsvins-prives.com/8518-large_default/domaine-de-chevalier-rouge-2016.jpg	
3087-chateau-leoville-poyferre-2016	gvp	Château Léoville Poyferré 2016	75 cl	77		https://grandsvins-prives.com/primeurs-/3087-chateau-leoville-poyferre-2016.html	Vin	   Bordeaux     	Saint-Julien	2016	Rouge		https://grandsvins-prives.com/8732-large_default/chateau-leoville-poyferre-2016.jpg	
1958-jean-philippe-janoueix-chateau-croix-mouton-2010	gvp	Jean-Philippe Janoueix - Château Croix Mouton 2010	75 cl	15.95		https://grandsvins-prives.com/1958-jean-philippe-janoueix-chateau-croix-mouton-2010.html	Vin	       	Bordeaux Supérieur	2010	Rouge		https://grandsvins-prives.com/8274-large_default/jean-philippe-janoueix-chateau-croix-mouton-2010.jpg	
598-chateau-canon-la-gaffeliere-2013	gvp	Château Canon La Gaffelière 2013	75 cl	59.5		https://grandsvins-prives.com/598-chateau-canon-la-gaffeliere-2013.html	Vin	   Classé Bordeaux      	Saint-Emilion Grand Cru	2013	Rouge		https://grandsvins-prives.com/8847-large_default/chateau-canon-la-gaffeliere-2013.jpg	
3139-alter-ego-de-palmer-2016	gvp	Alter Ego De Palmer 2016	75 cl	57		https://grandsvins-prives.com/primeurs-/3139-alter-ego-de-palmer-2016.html	Vin	   Bordeaux     	Margaux	2016	Rouge		https://grandsvins-prives.com/8365-large_default/alter-ego-de-palmer-2016.jpg	
3154-chateau-d-issan-2016	gvp	Château D'Issan 2016	75 cl	54.6		https://grandsvins-prives.com/primeurs-/3154-chateau-d-issan-2016.html	Vin	   Bordeaux     	Margaux	2016	Rouge		https://grandsvins-prives.com/8558-large_default/chateau-d-issan-2016.jpg	
3144-chateau-beau-sejour-becot-2016	gvp	Château Beau-Séjour Bécot 2016	75 cl	60		https://grandsvins-prives.com/primeurs-/3144-chateau-beau-sejour-becot-2016.html	Vin	   Bordeaux     	Saint-Emillion Grand Cru	2016	Rouge		https://grandsvins-prives.com/8727-large_default/chateau-beau-sejour-becot-2016.jpg	
3198-chateau-saint-pierre-2016	gvp	Château Saint Pierre 2016	75 cl	53.2		https://grandsvins-prives.com/primeurs-/3198-chateau-saint-pierre-2016.html	Vin	   Bordeaux      	Saint-Julien	2016	Rouge		https://grandsvins-prives.com/8725-large_default/chateau-saint-pierre-2016.jpg	
2915-chateau-aiguilhe-2014	gvp	Château D'Aiguilhe 2014	75 cl	19.95		https://grandsvins-prives.com/2915-chateau-aiguilhe-2014.html	Vin	  Castillon Côtes-de-Bordeaux     	Castillon-Côtes-de-Bordeaux	2014	Rouge		https://grandsvins-prives.com/9175-large_default/chateau-aiguilhe-2014.jpg	
